#名前,"性別(0=両,1=男,2=女)",レア度,スロット1,スロット2,スロット3,入手時期,初期防御力,最終防御力,火耐性,水耐性,雷耐性,氷耐性,龍耐性,スキル系統1,スキル値1,スキル系統2,スキル値2,スキル系統3,スキル値3,スキル系統4,スキル値4,スキル系統5,スキル値5,生産素材1,個数,生産素材2,個数,生産素材3,個数,生産素材4,個数,カスタム強化防御力,カスタム強化素材1,個数1,カスタム強化素材2,個数2,ワンセット防具,仮番号
Leather Mail,0,1,0,0,0,1,2,38,2,0,0,0,0,,,,,,,,,,,Iron Ore,1,,,,,,,68,Streamstone Shard,1,Fucium Ore,3,0,10
Chainmail Vest,0,1,0,0,0,1,2,38,0,2,0,0,0,,,,,,,,,,,Iron Ore,1,,,,,,,68,Streamstone Shard,1,Fucium Ore,3,0,20
Hunter's Mail,0,1,0,0,0,1,6,42,2,2,0,0,0,Invalid Message,1,,,,,,,,,Jagras Hide,2,Monster Bone S,2,,,,,72,Streamstone Shard,1,Fucium Ore,3,0,30
Bone Mail,0,1,0,0,0,1,6,42,2,0,2,0,2,Attack Boost,1,,,,,,,,,Monster Bone S,1,Ancient Bone,1,,,,,72,Streamstone Shard,1,Fucium Ore,3,0,40
Vespoid Mail,0,1,0,0,0,3,8,44,-2,1,1,1,2,Windproof,1,,,,,,,,,Vespoid Shell,1,Machalite Ore,1,,,,,74,Streamstone Shard,1,Fucium Ore,3,0,50
Jagras Mail,0,1,0,0,0,2,8,44,-2,2,-1,-1,1,Intimidator,1,,,,,,,,,Great Jagras Hide,2,Great Jagras Claw,1,Great Jagras Scale,2,Monster Bone S,3,74,Streamstone Shard,1,Fucium Ore,3,0,60
Kulu Mail,0,1,0,0,0,2,10,46,0,-3,0,1,0,Stamina Surge,1,,,,,,,,,Kulu-Ya-Ku Hide,2,Kulu-Ya-Ku Plume,1,Kulu-Ya-Ku Beak,1,Machalite Ore,2,76,Streamstone Shard,1,Fucium Ore,3,0,70
Alloy Mail,0,2,0,0,0,3,8,40,-2,1,-2,-2,1,Water Resistance,1,,,,,,,,,Machalite Ore,3,Iron Ore,6,Earth Crystal,1,,,66,Streamstone Shard,1,Fucium Ore,3,0,80
Pukei Mail,0,2,0,0,0,2,12,44,0,3,-3,0,1,Item Prolonger,1,,,,,,,,,Pukei-Pukei Scale,2,Pukei-Pukei Shell,1,Iron Ore,3,,,70,Streamstone Shard,1,Fucium Ore,3,0,90
Barroth Mail,0,2,0,0,0,3,14,38,-3,-1,3,-1,0,Stamina Thief,1,,,,,,,,,Barroth Shell,2,Barroth Ridge,1,Barroth Claw,1,Boulder Bone,1,72,Streamstone Shard,1,Fucium Ore,3,0,100
Jyura Mail,0,2,0,0,0,3,14,46,-1,2,-3,0,0,Muck Resistance,1,,,,,,,,,Jyuratodus Shell,2,Jyuratodus Fin,1,Jyuratodus Fang,1,Aqua Sac,1,72,Streamstone Shard,1,Fucium Ore,3,0,110
Kadachi Mail,0,2,0,0,0,4,16,48,0,-3,3,0,0,Jump Master,1,,,,,,,,,Tobi-Kadachi Pelt,2,Tobi-Kadachi Electrode,1,Tobi-Kadachi Membrane,2,Wingdrake Hide,2,74,Streamstone Shard,1,Fucium Ore,3,0,120
High Metal Mail,0,3,0,0,0,6,18,46,0,-1,-2,3,0,Earplugs,1,,,,,,,,,Dragonite Ore,2,Machalite Ore,2,Earth Crystal,2,Sharp Claw,2,70,Streamstone Shard,1,Fucium Ore,3,0,130
King Beetle Thorax,1,3,0,0,0,6,22,50,-1,-1,2,0,2,Quick Sheath,1,,,,,,,,,Great Hornfly,1,Earth Crystal,2,Coral Crystal,2,Poison Sac,1,74,Streamstone Shard,1,Fucium Ore,3,0,140
Butterfly Thorax,2,3,0,0,0,6,22,50,-1,-1,2,0,2,Quick Sheath,1,,,,,,,,,Great Hornfly,1,Earth Crystal,2,Coral Crystal,2,Poison Sac,1,74,Streamstone Shard,1,Fucium Ore,3,0,150
Hornetaur Mail,0,3,0,0,0,8,18,46,-1,-1,0,0,2,Effluvial Expert,1,,,,,,,,,Hornetaur Wing,2,Hornetaur Shell,2,Dragonite Ore,2,Machalite Ore,2,70,Streamstone Shard,1,Fucium Ore,3,0,160
Anja Mail,0,3,0,0,0,4,20,48,3,-3,-1,-1,0,Marathon Runner,1,Anjanath Power,1,,,,,,,Anjanath Pelt,3,Anjanath Fang,2,Anjanath Nosebone,1,Anjanath Plate,1,72,Streamstone Shard,1,Fucium Ore,3,0,170
Rathian Mail,0,3,0,0,0,5,22,50,2,0,-2,0,-3,Botanist,1,,,,,,,,,Rathian Scale,2,Rathian Shell,1,Rathian Webbing,1,Ancient Bone,2,74,Streamstone Shard,1,Fucium Ore,3,0,180
Tzitzi Mail,0,3,0,0,0,6,18,46,0,0,-3,-2,0,Constitution,1,,,,,,,,,Tzitzi-Ya-Ku Hide,3,Tzitzi-Ya-Ku Claw,2,Tzitzi-Ya-Ku Photophore,2,Lightcrystal,1,70,Streamstone Shard,1,Fucium Ore,3,0,190
Lumu Mail,0,3,0,0,0,6,20,48,-3,2,0,1,0,Master Mounter,1,,,,,,,,,Paolumu Scale,2,Paolumu Shell,1,Paolumu Pelt,2,Coral Bone,1,72,Streamstone Shard,1,Fucium Ore,3,0,200
Girros Mail,0,3,0,0,0,8,20,48,0,-3,2,0,1,Paralysis Resistance,1,,,,,,,,,Great Girros Hide,2,Great Girros Tail,1,Great Girros Fang,2,Paralysis Sac,2,72,Streamstone Shard,1,Fucium Ore,3,0,210
Baan Mail,0,3,0,0,0,8,24,52,0,2,0,-1,-2,Sleep Resistance,1,,,,,,,,,Radobaan Scale,2,Radobaan Shell,1,Radobaan Oilshell,1,Sleep Sac,1,76,Streamstone Shard,1,Fucium Ore,3,0,220
Ingot Mail,0,4,0,0,0,8,28,52,-2,0,3,-1,0,Thunder Resistance,1,,,,,,,,,Dragonite Ore,2,Monster Bone+,1,Iron Ore,8,Machalite Ore,3,72,Streamstone Shard,1,Fucium Ore,3,0,230
Death Stench Muscle,0,4,0,0,0,6,32,56,3,2,-2,3,-4,Fortify,1,,,,,,,,,Sinister Cloth,1,Coral Bone,2,Sturdy Bone,2,Monster Fluid,2,76,Streamstone Shard,1,Fucium Ore,3,0,240
Brigade Suit,0,4,0,0,0,5,28,52,1,0,2,0,2,Divine Blessing,1,,,,,,,,,Pinnacle Coin,3,Pukei Coin,2,Rathian Coin,4,Lightcrystal,1,72,Streamstone Shard,1,Fucium Ore,3,0,250
Legiana Mail,0,4,0,0,0,8,30,54,-1,2,-3,3,0,Evade Window,1,Legiana Blessing,1,,,,,,,Legiana Hide,3,Legiana Claw,2,Legiana Webbing,2,Legiana Plate,1,74,Streamstone Shard,1,Fucium Ore,3,0,260
Odogaron Mail,0,4,0,0,0,8,30,54,2,2,-2,-3,0,Speed Sharpening,1,Odogaron Power,1,,,,,,,Odogaron Sinew,2,Odogaron Scale,2,Odogaron Fang,1,Hornetaur Shell,3,74,Streamstone Shard,1,Fucium Ore,3,0,270
Rathalos Mail,0,4,0,0,0,8,30,54,3,1,-2,1,-3,Weakness Exploit,1,Rathalos Power,1,,,,,,,Rathalos Scale,2,Rathalos Shell,4,Rathalos Webbing,2,Rathalos Plate,1,74,Streamstone Shard,1,Fucium Ore,3,0,280
Diablos Mail,0,4,0,0,0,8,32,56,3,-2,0,-3,2,Slugger,1,Diablos Power,1,,,,,,,Diablos Shell,2,Diablos Ridge,1,Twisted Horn,2,Monster Bone+,3,76,Streamstone Shard,1,Fucium Ore,3,0,290
Kirin Jacket,0,4,0,0,0,8,34,58,-3,-2,4,-2,2,Divine Blessing,1,Kirin Blessing,1,,,,,,,Kirin Hide,2,Kirin Mane,2,Coral Crystal,4,Coral Bone,2,78,Streamstone Shard,1,Fucium Ore,3,0,300
Blossom Vest,0,3,0,0,0,3,18,46,1,1,4,1,1,Quick Sheath,1,,,,,,,,,Spring Blossom Ticket,1,Earth Crystal,3,,,,,70,Streamstone Shard,1,Fucium Ore,3,0,310
Diver's Suit,0,3,0,0,0,3,22,50,1,4,1,1,1,Critical Eye,1,,,,,,,,,Summer Twilight Ticket,1,Coral Crystal,1,,,,,74,Streamstone Shard,1,Fucium Ore,3,0,320
Harvest Tronco,0,3,0,0,0,6,26,54,4,1,1,1,1,Tremor Resistance,1,,,,,,,,,Autumn Harvest Ticket,1,Sturdy Bone,1,,,,,78,Streamstone Shard,1,Fucium Ore,3,0,330
Orion Vest,0,4,0,0,0,8,30,54,1,1,1,4,1,Flinch Free,1,,,,,,,,,Winter Star Ticket,1,Monster Bone+,2,,,,,74,Streamstone Shard,1,Fucium Ore,3,0,340
Gala Suit Jacket,0,4,0,0,0,8,34,58,1,1,1,1,4,Critical Draw,1,Astera Blessing,1,,,,,,,Appreciation Ticket,1,Monster Bone+,2,,,,,78,Streamstone Shard,1,Fucium Ore,3,0,350
Butterfly Thorax,1,3,0,0,0,4,22,50,-1,-1,2,0,2,Health Boost,1,,,,,,,,,Spring Insect Field Guide,1,Great Hornfly,1,Vespoid Wing,1,Monster Fluid,1,74,Streamstone Shard,1,Fucium Ore,3,0,360
Queen Beetle Thorax,2,3,0,0,0,4,22,50,-1,-1,2,0,2,Health Boost,1,,,,,,,,,Spring Insect Field Guide,1,Great Hornfly,1,Vespoid Wing,1,Monster Fluid,1,74,Streamstone Shard,1,Fucium Ore,3,0,370
Leather Mail α,0,5,0,0,0,11,32,54,2,0,0,0,0,Fire Resistance,1,,,,,,,,,Carbalite Ore,2,High-quality Pelt,1,,,,,70,Streamstone Shard,1,Dragonbone Relic,1,0,380
Leather Mail β,0,5,1,0,0,11,32,54,2,0,0,0,0,,,,,,,,,,,Carbalite Ore,2,High-quality Pelt,1,,,,,70,Streamstone Shard,1,Dragonbone Relic,1,0,390
Chainmail Armor α,0,5,0,0,0,11,32,54,0,2,0,0,0,Water Resistance,1,,,,,,,,,Carbalite Ore,2,Dragonite Ore,2,,,,,70,Streamstone Shard,1,Dragonbone Relic,1,0,400
Chainmail Armor β,0,5,1,0,0,11,32,54,0,2,0,0,0,,,,,,,,,,,Carbalite Ore,2,Dragonite Ore,2,,,,,70,Streamstone Shard,1,Dragonbone Relic,1,0,410
Hunter's Mail α,0,5,0,0,0,11,36,58,2,2,0,0,0,Invalid Message,2,,,,,,,,,Jagras Hide+,3,Quality Bone,4,,,,,74,Streamstone Shard,1,Dragonbone Relic,1,0,420
Hunter's Mail β,0,5,1,0,0,11,36,58,2,2,0,0,0,Invalid Message,1,,,,,,,,,Jagras Hide+,3,Quality Bone,4,,,,,74,Streamstone Shard,1,Dragonbone Relic,1,0,430
Bone Mail α,0,5,0,0,0,11,36,58,2,0,2,0,2,Attack Boost,2,,,,,,,,,Quality Bone,2,Monster Bone+,2,Monster Bone L,3,,,74,Streamstone Shard,1,Dragonbone Relic,1,0,440
Bone Mail β,0,5,1,0,0,11,36,58,2,0,2,0,2,Attack Boost,1,,,,,,,,,Quality Bone,2,Monster Bone+,2,Monster Bone L,3,,,74,Streamstone Shard,1,Dragonbone Relic,1,0,450
Alloy Mail α,0,5,0,0,0,11,36,58,-2,0,-2,-2,0,Water Resistance,2,,,,,,,,,Carbalite Ore,2,Dragonite Ore,4,Coral Crystal,4,Machalite Ore,5,74,Streamstone Shard,1,Dragonbone Relic,1,0,460
Alloy Mail β,0,5,1,0,0,11,36,58,-2,0,-2,-2,0,Water Resistance,1,,,,,,,,,Carbalite Ore,2,Dragonite Ore,4,Coral Crystal,4,Machalite Ore,5,74,Streamstone Shard,1,Dragonbone Relic,1,0,470
King Beetle Thorax α,1,5,0,0,0,11,42,64,-1,-1,2,0,2,Quick Sheath,2,Botanist,1,,,,,,,Great Hornfly,1,Dragonvein Crystal,2,Hornetaur Carapace,3,Toxin Sac,2,80,Streamstone Shard,1,Dragonbone Relic,1,0,480
King Beetle Thorax β,1,5,1,0,0,11,42,64,-1,-1,2,0,2,Quick Sheath,2,,,,,,,,,Great Hornfly,1,Dragonvein Crystal,2,Hornetaur Carapace,3,Toxin Sac,2,80,Streamstone Shard,1,Dragonbone Relic,1,0,490
Butterfly Thorax α,2,5,0,0,0,11,42,64,-1,-1,2,0,2,Quick Sheath,2,Botanist,1,,,,,,,Great Hornfly,1,Dragonvein Crystal,2,Hornetaur Carapace,3,Toxin Sac,2,80,Streamstone Shard,1,Dragonbone Relic,1,0,500
Butterfly Thorax β,2,5,1,0,0,11,42,64,-1,-1,2,0,2,Quick Sheath,2,,,,,,,,,Great Hornfly,1,Dragonvein Crystal,2,Hornetaur Carapace,3,Toxin Sac,2,80,Streamstone Shard,1,Dragonbone Relic,1,0,510
Vespoid Mail α,0,5,0,0,0,11,38,60,-2,1,1,1,2,Windproof,2,,,,,,,,,Vespoid Carapace,3,Vespoid Innerwing,2,Monster Keenbone,2,,,76,Streamstone Shard,1,Dragonbone Relic,1,0,520
Vespoid Mail β,0,5,1,0,0,11,38,60,-2,1,1,1,2,Windproof,1,,,,,,,,,Vespoid Carapace,3,Vespoid Innerwing,2,Monster Keenbone,2,,,76,Streamstone Shard,1,Dragonbone Relic,1,0,530
Hornetaur Mail α,0,5,0,0,0,11,38,60,-1,-1,0,0,2,Effluvial Expert,1,Hunger Resistance,1,,,,,,,Hornetaur Carapace,4,Hornetaur Innerwing,2,Hornetaur Head,1,Lightcrystal,1,76,Streamstone Shard,1,Dragonbone Relic,1,0,540
Hornetaur Mail β,0,5,1,0,0,11,38,60,-1,-1,0,0,2,Effluvial Expert,1,,,,,,,,,Hornetaur Carapace,4,Hornetaur Innerwing,2,Hornetaur Head,1,Lightcrystal,1,76,Streamstone Shard,1,Dragonbone Relic,1,0,550
Jagras Mail α,0,5,0,0,0,11,40,62,-2,2,-1,-1,1,Intimidator,2,,,,,,,,,Great Jagras Hide+,2,Great Jagras Claw+,4,Great Jagras Scale+,4,Jagras Hide+,2,78,Streamstone Shard,1,Dragonbone Relic,1,0,560
Jagras Mail β,0,5,1,0,0,11,40,62,-2,2,-1,-1,1,Intimidator,1,,,,,,,,,Great Jagras Hide+,2,Great Jagras Claw+,4,Great Jagras Scale+,4,Jagras Hide+,2,78,Streamstone Shard,1,Dragonbone Relic,1,0,570
Kulu Mail α,0,5,0,0,0,11,40,62,0,-3,0,1,0,Stamina Surge,1,Critical Eye,1,,,,,,,Kulu-Ya-Ku Hide+,4,Kulu-Ya-Ku Plume+,3,Kulu-Ya-Ku Beak+,2,Bird Wyvern Gem,1,78,Streamstone Shard,1,Dragonbone Relic,1,0,580
Kulu Mail β,0,5,1,0,0,11,40,62,0,-3,0,1,0,Stamina Surge,1,,,,,,,,,Kulu-Ya-Ku Hide+,4,Kulu-Ya-Ku Plume+,3,Kulu-Ya-Ku Beak+,2,Bird Wyvern Gem,1,78,Streamstone Shard,1,Dragonbone Relic,1,0,590
Tzitzi Mail α,0,5,0,0,0,11,40,62,0,0,-3,-2,0,Constitution,1,Water Attack,2,,,,,,,Tzitzi-Ya-Ku Hide+,4,Tzitzi-Ya-Ku Claw+,4,Tzitzi-Ya-Ku Photophore+,3,Bird Wyvern Gem,1,78,Streamstone Shard,1,Dragonbone Relic,1,0,600
Tzitzi Mail β,0,5,1,1,0,11,40,62,0,0,-3,-2,0,Constitution,1,,,,,,,,,Tzitzi-Ya-Ku Hide+,4,Tzitzi-Ya-Ku Claw+,4,Tzitzi-Ya-Ku Photophore+,3,Bird Wyvern Gem,1,78,Streamstone Shard,1,Dragonbone Relic,1,0,610
Girros Mail α,0,5,0,0,0,11,40,62,0,-3,2,0,1,Paralysis Resistance,2,,,,,,,,,Great Girros Hide+,4,Great Girros Fang+,4,Omniplegia Sac,3,Bird Wyvern Gem,1,78,Streamstone Shard,1,Dragonbone Relic,1,0,620
Girros Mail β,0,5,1,0,0,11,40,62,0,-3,2,0,1,Paralysis Resistance,1,,,,,,,,,Great Girros Hide+,4,Great Girros Fang+,4,Omniplegia Sac,3,Bird Wyvern Gem,1,78,Streamstone Shard,1,Dragonbone Relic,1,0,630
Pukei Mail α,0,5,0,0,0,11,42,64,0,3,-3,0,1,Item Prolonger,1,Botanist,1,,,,,,,Pukei-Pukei Scale+,4,Pukei-Pukei Carapace,3,Carbalite Ore,3,,,80,Streamstone Shard,1,Dragonbone Relic,1,0,640
Pukei Mail β,0,5,1,0,0,11,42,64,0,3,-3,0,1,Item Prolonger,1,,,,,,,,,Pukei-Pukei Scale+,4,Pukei-Pukei Carapace,3,Carbalite Ore,3,,,80,Streamstone Shard,1,Dragonbone Relic,1,0,650
Barroth Mail α,0,5,0,0,0,11,42,64,-3,-1,3,-1,0,Stamina Thief,2,,,,,,,,,Barroth Carapace,4,Barroth Ridge+,2,Barroth Claw+,2,Quality Bone,5,80,Streamstone Shard,1,Dragonbone Relic,1,0,660
Barroth Mail β,0,5,1,0,0,11,42,64,-3,-1,3,-1,0,Stamina Thief,1,,,,,,,,,Barroth Carapace,4,Barroth Ridge+,2,Barroth Claw+,2,Quality Bone,5,80,Streamstone Shard,1,Dragonbone Relic,1,0,670
Anja Mail α,0,5,0,0,0,11,44,66,3,-3,-1,-1,0,Marathon Runner,1,Special Ammo Boost,1,Anjanath Will,1,,,,,Anjanath Pelt+,6,Anjanath Fang+,4,Anjanath Nosebone+,2,Anjanath Gem,1,82,Streamstone Shard,1,Dragonbone Relic,1,0,680
Anja Mail β,0,5,1,1,0,11,44,66,3,-3,-1,-1,0,Marathon Runner,1,Anjanath Will,1,,,,,,,Anjanath Pelt+,6,Anjanath Fang+,4,Anjanath Nosebone+,2,Anjanath Gem,1,82,Streamstone Shard,1,Dragonbone Relic,1,0,690
Jyura Mail α,0,5,0,0,0,11,44,66,-1,2,-3,0,0,Muck Resistance,1,Water Attack,1,,,,,,,Jyuratodus Scale+,4,Jyuratodus Fin+,3,Jyuratodus Fang+,2,Torrent Sac,2,82,Streamstone Shard,1,Dragonbone Relic,1,0,700
Jyura Mail β,0,5,1,0,0,11,44,66,-1,2,-3,0,0,Muck Resistance,1,,,,,,,,,Jyuratodus Scale+,4,Jyuratodus Fin+,3,Jyuratodus Fang+,2,Torrent Sac,2,82,Streamstone Shard,1,Dragonbone Relic,1,0,710
Kadachi Mail α,0,5,0,0,0,11,44,66,0,-3,3,0,0,Jump Master,1,Evade Extender,1,,,,,,,Tobi-Kadachi Pelt+,3,Tobi-Kadachi Electrode,2,Tobi-Kadachi Membrane,4,Thunder Sac,2,82,Streamstone Shard,1,Dragonbone Relic,1,0,720
Kadachi Mail β,0,5,2,0,0,11,44,66,0,-3,3,0,0,Jump Master,1,,,,,,,,,Tobi-Kadachi Pelt+,3,Tobi-Kadachi Electrode,2,Tobi-Kadachi Membrane,4,Thunder Sac,2,82,Streamstone Shard,1,Dragonbone Relic,1,0,730
Lumu Mail α,0,5,0,0,0,11,44,66,-3,2,0,1,0,Master Mounter,1,Artillery,1,,,,,,,Paolumu Scale+,2,Paolumu Carapace+,3,Paolumu Pelt+,2,Monster Keenbone,4,82,Streamstone Shard,1,Dragonbone Relic,1,0,740
Lumu Mail β,0,5,1,0,0,11,44,66,-3,2,0,1,0,Master Mounter,1,,,,,,,,,Paolumu Scale+,2,Paolumu Carapace+,3,Paolumu Pelt+,2,Monster Keenbone,4,82,Streamstone Shard,1,Dragonbone Relic,1,0,750
Rathian Mail α,0,5,0,0,0,11,46,68,2,0,-2,0,-3,Botanist,2,Recovery Up,1,,,,,,,Rathian Scale+,4,Rathian Carapace,2,Rathian Webbing,2,Quality Bone,6,84,Streamstone Shard,1,Dragonbone Relic,1,0,760
Rathian Mail β,0,5,1,0,0,11,46,68,2,0,-2,0,-3,Botanist,1,Recovery Up,1,,,,,,,Rathian Scale+,4,Rathian Carapace,2,Rathian Webbing,2,Quality Bone,6,84,Streamstone Shard,1,Dragonbone Relic,1,0,770
Rath Heart Mail α,0,6,0,0,0,13,52,72,3,0,-3,0,-4,Tool Specialist,2,Pink Rathian Mastery,1,,,,,,,Pink Rathian Carapace,4,Pink Rathian Scale+,3,Rathian Spike+,2,Novacrystal,1,84,Streamstone Shard,1,Bird Wyvern Gem,1,0,780
Rath Heart Mail β,0,6,1,1,0,13,52,72,3,0,-3,0,-4,Tool Specialist,1,Pink Rathian Mastery,1,,,,,,,Pink Rathian Carapace,4,Pink Rathian Scale+,3,Rathian Spike+,2,Novacrystal,1,84,Streamstone Shard,1,Bird Wyvern Gem,1,0,790
Baan Mail α,0,6,0,0,0,11,46,66,0,2,0,-1,-2,Sleep Attack,1,Bleeding Resistance,1,,,,,,,Radobaan Scale+,4,Radobaan Carapace,3,Coma Sac,2,Quality Bone,6,78,Streamstone Shard,1,Bird Wyvern Gem,1,0,800
Baan Mail β,0,6,1,0,0,11,46,66,0,2,0,-1,-2,Sleep Attack,1,,,,,,,,,Radobaan Scale+,4,Radobaan Carapace,3,Coma Sac,2,Quality Bone,6,78,Streamstone Shard,1,Bird Wyvern Gem,1,0,810
Barnos Jacket α,0,5,0,0,0,13,48,70,1,1,0,1,-2,Heat Guard,1,Iron Skin,1,,,,,,,Barnos Hide+,4,Barnos Talon,2,Piercing Claw,3,Dragonvein Crystal,3,86,Streamstone Shard,1,Dragonbone Relic,1,0,820
Barnos Jacket β,0,5,1,0,0,13,48,70,1,1,0,1,-2,Heat Guard,1,,,,,,,,,Barnos Hide+,4,Barnos Talon,2,Piercing Claw,3,Dragonvein Crystal,3,86,Streamstone Shard,1,Dragonbone Relic,1,0,830
Dodogama Mail α,0,5,0,0,0,13,48,70,2,0,-3,0,2,Blast Attack,2,,,,,,,,,Dodogama Hide+,4,Dodogama Tail,1,Dodogama Jaw,3,Firecell Stone,1,86,Streamstone Shard,1,Dragonbone Relic,1,0,840
Dodogama Mail β,0,5,1,0,0,13,48,70,2,0,-3,0,2,Blast Attack,1,,,,,,,,,Dodogama Hide+,4,Dodogama Tail,1,Dodogama Jaw,3,Firecell Stone,1,86,Streamstone Shard,1,Dragonbone Relic,1,0,850
Zorah Hide α,0,6,0,0,0,11,44,64,4,-3,-1,-2,-3,Blast Attack,2,Windproof,1,Zorah Magdaros Mastery,1,,,,,Zorah Magdaros Carapace,6,Zorah Magdaros Heat Scale,1,Zorah Magdaros Ridge,2,Zorah Magdaros Pleura,1,76,Streamstone Shard,1,Bird Wyvern Gem,1,0,860
Zorah Hide β,0,6,2,0,0,11,44,64,4,-3,-1,-2,-3,Blast Attack,2,Zorah Magdaros Mastery,1,,,,,,,Zorah Magdaros Carapace,6,Zorah Magdaros Heat Scale,1,Zorah Magdaros Ridge,2,Zorah Magdaros Pleura,1,76,Streamstone Shard,1,Bird Wyvern Gem,1,0,870
High Metal Mail α,0,6,0,0,0,13,50,70,0,-1,-2,3,0,Earplugs,2,Ice Attack,1,,,,,,,Fucium Ore,4,Carbalite Ore,3,Dragonvein Crystal,4,Barnos Talon,3,82,Streamstone Shard,1,Bird Wyvern Gem,1,0,880
High Metal Mail β,0,6,2,0,0,13,50,70,0,-1,-2,3,0,Earplugs,1,Ice Attack,1,,,,,,,Fucium Ore,4,Carbalite Ore,3,Dragonvein Crystal,4,Barnos Talon,3,82,Streamstone Shard,1,Bird Wyvern Gem,1,0,890
Ingot Mail α,0,6,0,0,0,13,50,70,-2,0,3,-1,0,Thunder Resistance,2,,,,,,,,,Fucium Ore,1,Monster Hardbone,2,Dragonite Ore,4,Gastodon Carapace,2,82,Streamstone Shard,1,Bird Wyvern Gem,1,0,900
Ingot Mail β,0,6,1,0,0,13,50,70,-2,0,3,-1,0,Thunder Resistance,1,,,,,,,,,Fucium Ore,1,Monster Hardbone,2,Dragonite Ore,4,Gastodon Carapace,2,82,Streamstone Shard,1,Bird Wyvern Gem,1,0,910
Brigade Suit α,0,6,2,0,0,13,52,72,1,0,2,0,2,Divine Blessing,2,,,,,,,,,Hunter King Coin,3,Tzitzi Coin,4,Rathalos Coin,3,Monster Hardbone,2,84,Streamstone Shard,1,Bird Wyvern Gem,1,0,920
Brigade Suit β,0,6,2,2,0,13,52,72,1,0,2,0,2,Divine Blessing,1,,,,,,,,,Hunter King Coin,3,Tzitzi Coin,4,Rathalos Coin,3,Monster Hardbone,2,84,Streamstone Shard,1,Bird Wyvern Gem,1,0,930
Lavasioth Mail α,0,6,0,0,0,13,56,76,3,-3,1,-2,2,Fire Attack,2,Heat Guard,1,,,,,,,Lavasioth Carapace,4,Lavasioth Fin+,2,Lavasioth Scale+,6,Fucium Ore,5,88,Streamstone Shard,1,Bird Wyvern Gem,1,0,940
Lavasioth Mail β,0,6,1,1,0,13,56,76,3,-3,1,-2,2,Fire Attack,2,,,,,,,,,Lavasioth Carapace,4,Lavasioth Fin+,2,Lavasioth Scale+,6,Fucium Ore,5,88,Streamstone Shard,1,Bird Wyvern Gem,1,0,950
Legiana Mail α,0,6,0,0,0,13,54,74,-1,2,-3,3,0,Evade Window,2,Divine Blessing,1,Legiana Favor,1,,,,,Legiana Hide+,6,Legiana Claw+,3,Legiana Wing,3,Legiana Gem,1,86,Streamstone Shard,1,Bird Wyvern Gem,1,0,960
Legiana Mail β,0,6,1,0,0,13,54,74,-1,2,-3,3,0,Evade Window,2,Legiana Favor,1,,,,,,,Legiana Hide+,6,Legiana Claw+,3,Legiana Wing,3,Legiana Gem,1,86,Streamstone Shard,1,Bird Wyvern Gem,1,0,970
Odogaron Mail α,0,6,0,0,0,13,54,74,2,2,-2,-3,0,Speed Sharpening,2,Bleeding Resistance,1,Odogaron Mastery,1,,,,,Odogaron Sinew+,4,Odogaron Scale+,4,Odogaron Plate,1,Hornetaur Carapace,5,86,Streamstone Shard,1,Bird Wyvern Gem,1,0,980
Odogaron Mail β,0,6,1,0,0,13,54,74,2,2,-2,-3,0,Speed Sharpening,2,Odogaron Mastery,1,,,,,,,Odogaron Sinew+,4,Odogaron Scale+,4,Odogaron Plate,1,Hornetaur Carapace,5,86,Streamstone Shard,1,Bird Wyvern Gem,1,0,990
Rathalos Mail α,0,6,0,0,0,13,54,74,3,1,-2,1,-3,Weakness Exploit,2,Fire Attack,1,Rathalos Mastery,1,,,,,Rathalos Scale+,4,Rathalos Carapace,6,Rathalos Wing,3,Rathalos Ruby,1,86,Streamstone Shard,1,Bird Wyvern Gem,1,0,1000
Rathalos Mail β,0,6,1,0,0,13,54,74,3,1,-2,1,-3,Weakness Exploit,2,Rathalos Mastery,1,,,,,,,Rathalos Scale+,4,Rathalos Carapace,6,Rathalos Wing,3,Rathalos Ruby,1,86,Streamstone Shard,1,Bird Wyvern Gem,1,0,1010
Rath Soul Mail α,0,7,1,0,0,13,56,68,3,2,2,-3,-4,Free Elem/Ammo Up,1,Intimidator,1,Rathalos Mastery,1,,,,,Azure Rathalos Scale+,4,Azure Rathalos Carapace,6,Azure Rathalos Wing,2,Barnos Hide+,6,82,Streamstone,1,Wyvern Gem,1,0,1020
Rath Soul Mail β,0,7,2,0,0,13,56,68,3,2,2,-3,-4,Free Elem/Ammo Up,1,Rathalos Mastery,1,,,,,,,Azure Rathalos Scale+,4,Azure Rathalos Carapace,6,Azure Rathalos Wing,2,Barnos Hide+,6,82,Streamstone,1,Wyvern Gem,1,0,1030
Diablos Mail α,0,6,0,0,0,13,54,74,3,-2,0,-3,2,Slugger,2,Heroics,1,Diablos Mastery,1,,,,,Diablos Carapace,4,Diablos Ridge+,3,Majestic Horn,2,Lightcrystal,2,86,Streamstone Shard,1,Bird Wyvern Gem,1,0,1040
Diablos Mail β,0,6,2,0,0,13,54,74,3,-2,0,-3,2,Slugger,2,Diablos Mastery,1,,,,,,,Diablos Carapace,4,Diablos Ridge+,3,Majestic Horn,2,Lightcrystal,2,86,Streamstone Shard,1,Bird Wyvern Gem,1,0,1050
Diablos Nero Mail α,0,7,1,0,0,13,56,68,2,-3,0,-4,2,Resentment,2,Diablos Mastery,1,,,,,,,Black Diablos Carapace,4,Black Diablos Ridge+,3,Black Spiral Horn+,1,Blos Medulla,2,82,Streamstone,1,Wyvern Gem,1,0,1060
Diablos Nero Mail β,0,7,2,1,0,13,56,68,2,-3,0,-4,2,Resentment,1,Diablos Mastery,1,,,,,,,Black Diablos Carapace,4,Black Diablos Ridge+,3,Black Spiral Horn+,1,Blos Medulla,2,82,Streamstone,1,Wyvern Gem,1,0,1070
Uragaan Mail α,0,7,1,0,0,13,60,72,4,-3,1,-2,-2,Partbreaker,2,Uragaan Protection,1,,,,,,,Uragaan Carapace,6,Uragaan Scute,3,Uragaan Jaw,2,Uragaan Ruby,1,86,Streamstone,1,Wyvern Gem,1,0,1080
Uragaan Mail β,0,7,3,0,0,13,60,72,4,-3,1,-2,-2,Partbreaker,1,Uragaan Protection,1,,,,,,,Uragaan Carapace,6,Uragaan Scute,3,Uragaan Jaw,2,Uragaan Ruby,1,86,Streamstone,1,Wyvern Gem,1,0,1090
Bazel Mail α,0,7,0,0,0,13,58,70,3,1,-4,-2,-2,Guard,2,Blast Resistance,2,Bazelgeuse Protection,1,,,,,Bazelgeuse Scale+,4,Bazelgeuse Carapace,4,Bazelgeuse Fuse,1,Uragaan Scute,2,84,Streamstone,1,Wyvern Gem,1,0,1100
Bazel Mail β,0,7,1,1,0,13,58,70,3,1,-4,-2,-2,Guard,2,Bazelgeuse Protection,1,,,,,,,Bazelgeuse Scale+,4,Bazelgeuse Carapace,4,Bazelgeuse Fuse,1,Uragaan Scute,2,84,Streamstone,1,Wyvern Gem,1,0,1110
Damascus Mail α,0,7,1,0,0,14,60,72,4,-2,0,0,0,Focus,2,Defense Boost,2,,,,,,,Elder Dragon Blood,2,Fucium Ore,3,Uragaan Scute,3,Firecell Stone,1,86,Streamstone,1,Wyvern Gem,1,0,1120
Damascus Mail β,0,7,1,1,1,14,60,72,4,-2,0,0,0,Focus,2,,,,,,,,,Elder Dragon Blood,2,Fucium Ore,3,Uragaan Scute,3,Firecell Stone,1,86,Streamstone,1,Wyvern Gem,1,0,1130
Dober Mail α,0,7,1,0,0,14,60,72,-2,0,-1,-1,4,Attack Boost,2,Mushroomancer,1,,,,,,,Elder Dragon Bone,3,Quality Bone,3,Blos Medulla,1,Dragonbone Relic,1,86,Streamstone,1,Wyvern Gem,1,0,1140
Dober Mail β,0,7,3,0,0,14,60,72,-2,0,-1,-1,4,Attack Boost,2,,,,,,,,,Elder Dragon Bone,3,Quality Bone,3,Blos Medulla,1,Dragonbone Relic,1,86,Streamstone,1,Wyvern Gem,1,0,1150
Death Stench Muscle α,0,7,0,0,0,14,62,74,3,2,-2,3,-4,Fortify,1,Free Elem/Ammo Up,1,,,,,,,Sinister Cloth,2,Dragonbone Relic,1,Vaal Hazak Membrane,1,Monster Broth,2,88,Streamstone,1,Wyvern Gem,1,0,1160
Death Stench Muscle β,0,7,3,0,0,14,62,74,3,2,-2,3,-4,Fortify,1,,,,,,,,,Sinister Cloth,2,Dragonbone Relic,1,Vaal Hazak Membrane,1,Monster Broth,2,88,Streamstone,1,Wyvern Gem,1,0,1170
Nergigante Mail α,0,8,1,0,0,14,64,70,1,1,-3,1,-3,Stamina Surge,2,Agitator,1,Nergigante Hunger,1,,,,,Nergigante Carapace,4,Immortal Dragonscale,4,Nergigante Talon,2,Elder Dragon Bone,3,84,Gleaming Streamstone,1,Elder Dragon Bone,2,0,1180
Nergigante Mail β,0,8,2,1,0,14,64,70,1,1,-3,1,-3,Stamina Surge,2,Nergigante Hunger,1,,,,,,,Nergigante Carapace,4,Immortal Dragonscale,4,Nergigante Talon,2,Elder Dragon Bone,3,84,Gleaming Streamstone,1,Elder Dragon Bone,2,0,1190
Kaiser Mail α,0,8,0,0,0,14,64,70,3,-3,1,-3,1,Special Ammo Boost,2,Latent Power,1,Teostra Technique,1,,,,,Teostra Carapace,5,Teostra Webbing,4,Teostra Powder,4,Rathalos Plate,1,84,Gleaming Streamstone,1,Elder Dragon Bone,2,0,1200
Kaiser Mail β,0,8,1,1,0,14,64,70,3,-3,1,-3,1,Special Ammo Boost,2,Teostra Technique,1,,,,,,,Teostra Carapace,5,Teostra Webbing,4,Teostra Powder,4,Rathalos Plate,1,84,Gleaming Streamstone,1,Elder Dragon Bone,2,0,1210
Kushala Cista α,0,8,0,0,0,14,64,70,0,2,-3,4,-2,Handicraft,2,Focus,1,Kushala Daora Flight,1,,,,,Daora Carapace,5,Daora Horn+,3,Daora Claw+,2,Daora Gem,1,84,Gleaming Streamstone,1,Elder Dragon Bone,2,0,1220
Kushala Cista β,0,8,2,0,0,14,64,70,0,2,-3,4,-2,Handicraft,2,Kushala Daora Flight,1,,,,,,,Daora Carapace,5,Daora Horn+,3,Daora Claw+,2,Daora Gem,1,84,Gleaming Streamstone,1,Elder Dragon Bone,2,0,1230
Vaal Hazak Mail α,0,8,1,0,0,14,64,70,-4,4,1,-1,-3,Recovery Speed,2,Dragon Attack,1,Vaal Hazak Vitality,1,,,,,Vaal Hazak Carapace,5,Vaal Hazak Fang+,3,Vaal Hazak Tail,2,Odogaron Plate,1,84,Gleaming Streamstone,1,Elder Dragon Bone,2,0,1240
Vaal Hazak Mail β,0,8,1,1,0,14,64,70,-4,4,1,-1,-3,Recovery Speed,2,Vaal Hazak Vitality,1,,,,,,,Vaal Hazak Carapace,5,Vaal Hazak Fang+,3,Vaal Hazak Tail,2,Odogaron Plate,1,84,Gleaming Streamstone,1,Elder Dragon Bone,2,0,1250
Kirin Jacket α,0,8,0,0,0,14,64,70,-3,-2,4,-2,2,Divine Blessing,2,Thunder Attack,1,Kirin Favor,1,,,,,Kirin Hide+,3,Kirin Azure Horn,1,Kirin Thundertail,2,Fucium Ore,4,84,Gleaming Streamstone,1,Elder Dragon Bone,2,0,1260
Kirin Jacket β,0,8,1,0,0,14,64,70,-3,-2,4,-2,2,Divine Blessing,2,Kirin Favor,1,,,,,,,Kirin Hide+,3,Kirin Azure Horn,1,Kirin Thundertail,2,Fucium Ore,4,84,Gleaming Streamstone,1,Elder Dragon Bone,2,0,1270
Xeno'jiiva Hide α,0,8,1,0,0,16,72,78,-3,2,2,2,-4,Power Prolonger,2,Blight Resistance,1,Xeno'jiiva Divinity,1,,,,,Xeno'jiiva Horn,3,Xeno'jiiva Soulscale,6,Xeno'jiiva Wing,3,Xeno'jiiva Gem,1,92,Gleaming Streamstone,1,Elder Dragon Bone,2,0,1280
Xeno'jiiva Hide β,0,8,1,1,0,16,72,78,-3,2,2,2,-4,Power Prolonger,2,Xeno'jiiva Divinity,1,,,,,,,Xeno'jiiva Horn,3,Xeno'jiiva Soulscale,6,Xeno'jiiva Wing,3,Xeno'jiiva Gem,1,92,Gleaming Streamstone,1,Elder Dragon Bone,2,0,1290
Guild Cross Suit α,0,8,1,0,0,15,62,68,0,0,0,0,0,Resuscitate,1,Ice Resistance,2,Guild Guidance,1,,,,,Ace Hunter Coin,2,Brute Coin,3,Hunter King Coin,2,High Commendation,1,82,Gleaming Streamstone,1,Elder Dragon Bone,2,0,1300
Guild Cross Suit β,0,8,3,0,0,15,62,68,0,0,0,0,0,Resuscitate,1,Guild Guidance,1,,,,,,,Ace Hunter Coin,2,Brute Coin,3,Hunter King Coin,2,High Commendation,1,82,Gleaming Streamstone,1,Elder Dragon Bone,2,0,1310
Commission Jacket α,0,8,0,0,0,50,70,76,2,2,2,2,2,Wide-Range,2,Cliffhanger,1,Commission Guidance,1,,,,,Research Commission Ticket,1,Odogaron Scale+,8,Great Hornfly,3,High Commendation,2,90,Gleaming Streamstone,1,Elder Dragon Bone,2,0,1320
Commission Jacket β,0,8,1,0,0,50,70,76,2,2,2,2,2,Wide-Range,2,Commission Guidance,1,,,,,,,Research Commission Ticket,1,Odogaron Scale+,8,Great Hornfly,3,High Commendation,2,90,Gleaming Streamstone,1,Elder Dragon Bone,2,0,1330
Vangis Mail α,0,7,2,0,0,13,58,70,1,1,-3,2,-3,Speed Eating,1,Handicraft,1,,,,,,,Deviljho Scale,3,Deviljho Hide,4,Deviljho Saliva,2,Monster Hardbone,4,84,Streamstone,1,Wyvern Gem,1,0,1340
Vangis Mail β,0,7,3,0,0,13,58,70,1,1,-3,2,-3,Speed Eating,1,,,,,,,,,Deviljho Scale,3,Deviljho Hide,4,Deviljho Saliva,2,Monster Hardbone,4,84,Streamstone,1,Wyvern Gem,1,0,1350
Kulve Taroth's Ire α,0,8,1,0,0,16,72,78,4,-2,3,-4,-2,Stun Resistance,2,Critical Boost,2,,,,,,,Kulve Taroth Golden Scale,12,Kulve Taroth Golden Nugget,18,Kulve Taroth Golden Tailshell,4,Xeno'jiiva Gem,1,92,Gleaming Streamstone,1,Elder Dragon Bone,2,0,1360
Kulve Taroth's Ire β,0,8,3,1,0,16,72,78,4,-2,3,-4,-2,Stun Resistance,2,Critical Boost,1,,,,,,,Kulve Taroth Golden Scale,12,Kulve Taroth Golden Nugget,18,Kulve Taroth Golden Tailshell,4,Xeno'jiiva Gem,1,92,Gleaming Streamstone,1,Elder Dragon Bone,2,0,1370
Empress Mail α,0,8,1,1,0,16,70,76,3,1,1,-3,-2,Peak Performance,2,Health Boost,1,Lunastra Favor,1,,,,,Lunastra Horn,2,Lunastra Scale+,4,Lunastra Mane,2,Lunastra Gem,1,90,Gleaming Streamstone,1,Elder Dragon Bone,2,0,1380
Empress Mail β,0,8,1,1,1,16,70,76,3,1,1,-3,-2,Peak Performance,2,Lunastra Favor,1,,,,,,,Lunastra Horn,2,Lunastra Scale+,4,Lunastra Mane,2,Lunastra Gem,1,90,Gleaming Streamstone,1,Elder Dragon Bone,2,0,1390
Blossom Vest α,0,5,1,1,0,11,40,62,1,1,4,1,1,Quick Sheath,1,,,,,,,,,Spring Blossom Ticket,3,Carbalite Ore,3,,,,,78,Streamstone Shard,1,Dragonbone Relic,1,0,1400
Diver's Suit α,0,5,2,0,0,11,46,68,1,4,1,1,1,Critical Eye,1,,,,,,,,,Summer Twilight Ticket,1,Carbalite Ore,1,Quality Bone,1,,,84,Streamstone Shard,1,Dragonbone Relic,1,0,1410
Harvest Tronco α,0,6,2,1,0,13,52,72,4,1,1,1,1,Tremor Resistance,1,,,,,,,,,Autumn Harvest Ticket,1,Monster Hardbone,2,Monster Keenbone,1,,,84,Streamstone Shard,1,Bird Wyvern Gem,1,0,1420
Orion Vest α,0,6,3,0,0,13,58,78,1,1,1,4,1,Flinch Free,1,,,,,,,,,Winter Star Ticket,1,Fucium Ore,2,Monster Hardbone,1,,,90,Streamstone Shard,1,Bird Wyvern Gem,1,0,1430
Gala Suit Jacket α,0,7,2,1,1,14,64,76,1,1,1,1,4,Critical Draw,1,Astera Blessing,1,,,,,,,Appreciation Ticket,3,Elder Dragon Bone,2,勇気の証G,2,,,90,Streamstone,1,Wyvern Gem,1,0,1440
Butterfly Thorax α,1,5,0,0,0,11,42,64,-1,-1,2,0,2,Health Boost,2,Stun Resistance,1,,,,,,,Summer Insect Field Guide,1,Vespoid Carapace,1,Dragonvein Crystal,3,Quality Bone,1,80,Streamstone Shard,1,Dragonbone Relic,1,0,1450
Butterfly Thorax β,1,5,1,0,0,11,42,64,-1,-1,2,0,2,Health Boost,2,,,,,,,,,Summer Insect Field Guide,1,Vespoid Carapace,1,Dragonvein Crystal,3,Quality Bone,1,80,Streamstone Shard,1,Dragonbone Relic,1,0,1460
Queen Beetle Thorax α,2,5,0,0,0,11,42,64,-1,-1,2,0,2,Health Boost,2,Stun Resistance,1,,,,,,,Summer Insect Field Guide,1,Vespoid Carapace,1,Dragonvein Crystal,3,Quality Bone,1,80,Streamstone Shard,1,Dragonbone Relic,1,0,1470
Queen Beetle Thorax β,2,5,1,0,0,11,42,64,-1,-1,2,0,2,Health Boost,2,,,,,,,,,Summer Insect Field Guide,1,Vespoid Carapace,1,Dragonvein Crystal,3,Quality Bone,1,80,Streamstone Shard,1,Dragonbone Relic,1,0,1480
Vaal Hazak Mail γ,0,8,3,0,0,50,72,78,-4,4,1,-1,-3,Peak Performance,1,Recovery Up,1,Vaal Hazak Vitality,1,,,,,Vaal Hazak Ticket,1,Deceased Scale,5,Vaal Hazak Carapace,4,Vaal Hazak Membrane,3,92,Gleaming Streamstone,1,Elder Dragon Bone,2,0,1490
Kirin Jacket γ,0,8,1,1,0,50,72,78,-3,-2,4,-2,2,Free Elem/Ammo Up,2,Kirin Favor,1,,,,,,,Kirin Ticket,1,Kirin Hide+,4,Kirin Azure Horn,3,Elder Dragon Blood,3,92,Gleaming Streamstone,1,Elder Dragon Bone,2,0,1500
Kaiser Mail γ,0,8,2,0,0,50,72,78,3,-3,1,-3,1,Latent Power,2,Weakness Exploit,1,Teostra Technique,1,,,,,Teostra Ticket,1,Teostra Carapace,5,Teostra Horn+,2,Teostra Tail,2,92,Gleaming Streamstone,1,Elder Dragon Bone,2,0,1510
Kushala Cista γ,0,8,2,0,0,50,72,78,0,2,-3,4,-2,Ice Attack,3,Evade Extender,1,Kushala Daora Flight,1,,,,,Kushala Daora Ticket,1,Daora Dragon Scale+,4,Daora Carapace,4,Daora Webbing,2,92,Gleaming Streamstone,1,Elder Dragon Bone,2,0,1520
Nergigante Mail γ,0,8,3,2,1,50,72,78,1,1,-3,1,-3,Maximum Might,1,Nergigante Hunger,1,,,,,,,Nergigante Ticket,1,Nergigante Horn+,2,Nergigante Carapace,6,Nergigante Gem,1,92,Gleaming Streamstone,1,Elder Dragon Bone,2,0,1530
Zorah Hide γ,0,8,1,1,1,50,72,78,4,-3,-1,-2,-3,Tremor Resistance,2,Zorah Magdaros Mastery,1,,,,,,,Zorah Magdaros Ticket,1,Zorah Magdaros Heat Scale,5,Zorah Magdaros Ridge,1,Zorah Magdaros Carapace,4,92,Gleaming Streamstone,1,Elder Dragon Bone,2,0,1540
Xeno'jiiva Hide γ,0,8,1,1,0,50,72,78,-3,2,2,2,-4,Flinch Free,2,Xeno'jiiva Divinity,1,,,,,,,Xeno'jiiva Ticket,1,Xeno'jiiva Soulscale,5,Xeno'jiiva Shell,4,Xeno'jiiva Horn,2,92,Gleaming Streamstone,1,Elder Dragon Bone,2,0,1550
Empress Mail γ,0,8,3,0,0,50,70,76,3,1,1,-3,-2,Earplugs,2,Tool Specialist,1,Lunastra Favor,1,,,,,Lunastra Ticket,1,Lunastra Carapace,4,Lunastra Horn,1,Lunastra Wing,2,90,Gleaming Streamstone,1,Elder Dragon Bone,2,0,1560
Kulve Taroth's Ire γ,0,8,1,0,0,16,72,78,4,-2,3,-4,-2,Handicraft,2,Agitator,1,,,,,,,Kulve Taroth Emperor Nugget,7,Kulve Taroth Golden Scale,15,Kulve Taroth Golden Shell,12,Kulve Taroth Golden Nugget,36,92,Gleaming Streamstone,1,Elder Dragon Bone,2,0,1570
Azure Starlord Armor α,0,7,2,0,0,13,56,68,2,2,0,0,3,Handicraft,1,Rathalos Mastery,1,,,,,,,Azure Stargem,1,Azure Rathalos Scale+,6,Azure Rathalos Wing,4,Rathalos Medulla,2,82,Streamstone,1,Wyvern Gem,1,0,1580
Dante's Coat α,0,8,3,0,0,14,64,70,3,-3,3,-3,3,Evade Window,1,Critical Eye,1,,,,,,,Red Orb,1,Odogaron Sinew+,6,Odogaron Claw+,4,Odogaron Plate,1,84,Gleaming Streamstone,1,Elder Dragon Bone,2,0,1590
Drachen Mail α,0,8,3,0,0,16,72,78,-2,-2,3,-2,4,Critical Eye,2,Critical Boost,1,Soul of the Dragoon,1,,,,,Behemoth Mane,2,Behemoth Bone,3,Behemoth Shearclaw,2,Dragonbone Relic,2,92,Gleaming Streamstone,1,Elder Dragon Bone,2,0,1600
Origin Mail,0,1,0,0,0,1,6,42,0,0,0,0,0,,,,,,,,,,,※特典,0,,,,,,,72,Streamstone Shard,1,Fucium Ore,3,0,1610
Guardian Suit α+,0,6,0,0,0,1,50,70,2,0,0,2,3,Marathon Runner,1,Recovery Up,1,,,,,,,※配布,0,,,,,,,82,Streamstone Shard,1,Bird Wyvern Gem,1,0,1620
アーロイボディα,0,5,1,1,0,11,46,68,1,1,1,1,1,Marathon Runner,2,Anjanath Will,1,,,,,,,※ワンセット,0,,,,,,,84,Streamstone Shard,1,Dragonbone Relic,1,1,1630
アーロイボディγ,0,8,1,1,0,50,64,70,1,1,1,1,1,Marathon Runner,2,Affinity Sliding,1,Anjanath Will,1,,,,,※ワンセット,0,,,,,,,84,Gleaming Streamstone,1,Elder Dragon Bone,2,1,1640
リュウボディ,0,2,0,0,0,3,12,44,2,0,5,-3,2,Health Boost,1,,,,,,,,,※ワンセット,0,,,,,,,70,Streamstone Shard,1,Fucium Ore,3,1,1650
リュウボディα,0,7,1,1,0,14,60,72,2,0,5,-3,2,Health Boost,1,Resuscitate,1,Rathalos Mastery,1,,,,,※ワンセット,0,,,,,,,86,Streamstone,1,Wyvern Gem,1,1,1660
さくらボディα,0,6,1,1,0,13,50,70,0,4,0,4,-2,Stamina Surge,1,Resuscitate,1,Pink Rathian Mastery,1,,,,,※ワンセット,0,,,,,,,82,Streamstone Shard,1,Bird Wyvern Gem,1,1,1670
Geralt's Body α,0,8,1,1,0,16,70,76,2,1,-2,-1,3,Health Boost,3,Attack Boost,2,Witcher's Knowledge,1,,,,,※ワンセット,0,,,,,,,90,Gleaming Streamstone,1,Elder Dragon Bone,2,1,1680
Ciri's Body α,0,8,3,0,0,50,70,76,-2,-1,2,1,3,Evade Window,2,Divine Blessing,2,,,,,,,※ワンセット,0,,,,,,,90,Gleaming Streamstone,1,Elder Dragon Bone,2,1,1690
,,,,,,,,,,,,,,,,,,,,,,,,,,,,,,,,,,,,,,1700
Bone Mail α+,0,9,2,0,0,M1,114,130,2,0,2,0,2,Attack Boost,2,Health Boost,1,,,,,,,Thick Bone,2,Monster Toughbone,2,Brutal Bone,1,,,152,Spiritvein Gem Shard,1,Dragonbone Artifact,1,0,
Bone Mail β+,0,9,4,1,0,M1,114,130,2,0,2,0,2,Attack Boost,1,,,,,,,,,Thick Bone,2,Monster Toughbone,2,Brutal Bone,1,,,152,Spiritvein Gem Shard,1,Dragonbone Artifact,1,0,
Alloy Mail α+,0,9,3,0,0,M1,114,130,-2,0,-2,-2,0,Water Resistance,2,Defense Boost,1,,,,,,,Eltalite Ore,1,Carbalite Ore,2,Dragonvein Crystal,2,,,152,Spiritvein Gem Shard,1,Dragonbone Artifact,1,0,
Alloy Mail β+,0,9,4,1,0,M1,114,130,-2,0,-2,-2,0,Water Resistance,1,,,,,,,,,Eltalite Ore,1,Carbalite Ore,2,Dragonvein Crystal,2,,,152,Spiritvein Gem Shard,1,Dragonbone Artifact,1,0,
Vespoid Mail α+,0,9,2,1,0,M1,116,132,-2,1,1,1,2,Windproof,2,,,,,,,,,Vespoid Razorwing,1,Monster Essence,1,Thick Bone,1,,,154,Spiritvein Gem Shard,1,Dragonbone Artifact,1,0,
Vespoid Mail β+,0,9,4,1,0,M1,116,132,-2,1,1,1,2,Windproof,1,,,,,,,,,Vespoid Razorwing,1,Monster Essence,1,Thick Bone,1,,,154,Spiritvein Gem Shard,1,Dragonbone Artifact,1,0,
Hornetaur Mail α+,0,9,2,1,0,M1,116,132,-1,-1,0,0,2,Effluvial Expert,1,Hunger Resistance,2,,,,,,,Hornetaur Razorwing,1,Monster Essence,1,Eltalite Ore,1,,,154,Spiritvein Gem Shard,1,Dragonbone Artifact,1,0,
Hornetaur Mail β+,0,9,4,2,1,M1,116,132,-1,-1,0,0,2,Effluvial Expert,1,,,,,,,,,Hornetaur Razorwing,1,Monster Essence,1,Eltalite Ore,1,,,154,Spiritvein Gem Shard,1,Dragonbone Artifact,1,0,
Barnos Jacket α+,0,9,2,2,0,M1,116,132,1,1,0,1,-2,Heat Guard,1,Iron Skin,2,,,,,,,Barnos Hardclaw,２,Wingdrake Finehide,2,Meldspar Ore,1,,,154,Spiritvein Gem Shard,1,Dragonbone Artifact,1,0,
Barnos Jacket β+,0,9,4,2,0,M1,116,132,1,1,0,1,-2,Heat Guard,1,Iron Skin,1,,,,,,,Barnos Hardclaw,２,Wingdrake Finehide,2,Meldspar Ore,1,,,154,Spiritvein Gem Shard,1,Dragonbone Artifact,1,0,
Cortos Cape α+,0,9,1,1,0,M1,116,132,-3,2,0,2,0,Hunger Resistance,2,Jump Master,1,,,,,,,Cortos Hardclaw,２,Wingdrake Finehide,２,Frozen Bone,1,,,154,Spiritvein Gem Shard,1,Dragonbone Artifact,1,0,
Cortos Cape β+,0,9,4,0,0,M1,116,132,-3,2,0,2,0,Hunger Resistance,1,Jump Master,1,,,,,,,Cortos Hardclaw,２,Wingdrake Finehide,２,Frozen Bone,1,,,154,Spiritvein Gem Shard,1,Dragonbone Artifact,1,0,
Jagras Mail α+,0,9,3,0,0,M1,116,132,-2,2,-1,-1,1,Evade Extender,1,Attack Boost,2,,,,,,,Great Jagras Thickhide,1,Great Jagras Shard,1,Great Jagras Hardclaw,1,Jagras Shard,1,154,Spiritvein Gem Shard,1,Dragonbone Artifact,1,0,
Jagras Mail β+,0,9,4,0,0,M1,116,132,-2,2,-1,-1,1,Evade Extender,1,Attack Boost,1,,,,,,,Great Jagras Thickhide,1,Great Jagras Shard,1,Great Jagras Hardclaw,1,Jagras Shard,1,154,Spiritvein Gem Shard,1,Dragonbone Artifact,1,0,
Tzitzi Mail α+,0,9,1,1,0,M1,116,132,0,0,-3,-2,0,Constitution,2,Water Attack,2,,,,,,,Tzitzi-Ya-Ku Thickhide,2,Tzitzi-Ya-Ku Shard,1,Tzitzi-Ya-Ku Photomembrane,1,Shamos Shard,1,154,Spiritvein Gem Shard,1,Dragonbone Artifact,1,0,
Tzitzi Mail β+,0,9,4,1,0,M1,116,132,0,0,-3,-2,0,Constitution,1,Water Attack,1,,,,,,,Tzitzi-Ya-Ku Thickhide,2,Tzitzi-Ya-Ku Shard,1,Tzitzi-Ya-Ku Photomembrane,1,Shamos Shard,1,154,Spiritvein Gem Shard,1,Dragonbone Artifact,1,0,
Girros Mail α+,0,9,2,0,0,M1,116,132,0,-3,2,0,1,Paralysis Resistance,2,Free Elem/Ammo Up,1,,,,,,,Great Girros Thickhide,2,Great Girros Shard,2,Great Girros Hardhood,1,Girros Shard,2,154,Spiritvein Gem Shard,1,Dragonbone Artifact,1,0,
Girros Mail β+,0,9,4,2,0,M1,116,132,0,-3,2,0,1,Paralysis Resistance,2,,,,,,,,,Great Girros Thickhide,2,Great Girros Shard,2,Great Girros Hardhood,1,Girros Shard,2,154,Spiritvein Gem Shard,1,Dragonbone Artifact,1,0,
Dodogama Mail α+,0,9,2,0,0,M1,120,136,2,0,-3,0,2,Blast Attack,2,Artillery,1,,,,,,,Dodogama Thickhide,2,Dodogama Lash,1,Dodogama Mandible,1,Gastodon Husk,2,158,Spiritvein Gem Shard,1,Dragonbone Artifact,1,0,
Dodogama Mail β+,0,9,4,0,0,M1,120,136,2,0,-3,0,2,Blast Attack,2,,,,,,,,,Dodogama Thickhide,2,Dodogama Lash,1,Dodogama Mandible,1,Gastodon Husk,2,158,Spiritvein Gem Shard,1,Dragonbone Artifact,1,0,
Kulu Mail α+,0,9,2,0,0,M1,116,132,0,-3,0,1,0,Stamina Surge,1,Critical Eye,2,,,,,,,Kulu-Ya-Ku Thickhide,2,Large Kulu-Ya-Ku Plume,1,Large Kulu-Ya-Ku Beak,1,Jagras Shard,1,154,Spiritvein Gem Shard,1,Dragonbone Artifact,1,0,
Kulu Mail β+,0,9,4,0,0,M1,116,132,0,-3,0,1,0,Stamina Surge,1,Critical Eye,1,,,,,,,Kulu-Ya-Ku Thickhide,2,Large Kulu-Ya-Ku Plume,1,Large Kulu-Ya-Ku Beak,1,Jagras Shard,1,154,Spiritvein Gem Shard,1,Dragonbone Artifact,1,0,
Pukei Mail α+,0,9,2,0,0,M1,118,134,0,3,-3,0,1,Item Prolonger,2,Peak Performance,1,,,,,,,Pukei-Pukei Cortex,2,Pukei-Pukei Shard,2,Large Pukei-Pukei Sac,1,,,156,Spiritvein Gem Shard,1,Dragonbone Artifact,1,0,
Pukei Mail β+,0,9,4,0,0,M1,118,134,0,3,-3,0,1,Item Prolonger,1,Peak Performance,1,,,,,,,Pukei-Pukei Cortex,2,Pukei-Pukei Shard,2,Large Pukei-Pukei Sac,1,,,156,Spiritvein Gem Shard,1,Dragonbone Artifact,1,0,
Pukei Lagoon Mail α+,0,9,2,0,0,M4,132,148,0,3,-2,-3,0,Power Prolonger,1,Critical Draw,1,,,,,,,Coral Pukei-Pukei Cortex,3,Coral Pukei-Pukei Shard,2,Monster Toughbone,3,,,170,Spiritvein Gem Shard,1,Dragonbone Artifact,1,0,
Pukei Lagoon Mail β+,0,9,4,1,0,M4,132,148,0,3,-2,-3,0,Power Prolonger,1,,,,,,,,,Coral Pukei-Pukei Cortex,3,Coral Pukei-Pukei Shard,2,Monster Toughbone,3,,,170,Spiritvein Gem Shard,1,Dragonbone Artifact,1,0,
Barroth Mail α+,0,9,1,1,0,M1,118,134,-3,-1,3,-1,0,Stamina Thief,2,Agitator,1,,,,,,,Barroth Chine,2,Barroth Cortex,2,Rich Mud,2,,,156,Spiritvein Gem Shard,1,Dragonbone Artifact,1,0,
Barroth Mail β+,0,9,4,1,0,M1,118,134,-3,-1,3,-1,0,Stamina Thief,2,,,,,,,,,Barroth Chine,2,Barroth Cortex,2,Rich Mud,2,,,156,Spiritvein Gem Shard,1,Dragonbone Artifact,1,0,
Jyura Mail α+,0,9,2,0,0,M1,118,134,-1,2,-3,0,0,Latent Power,1,Water Attack,2,,,,,,,Jyuratodus Cortex,1,Jyuratodus Shard,2,Gajau Thickhide,2,,,156,Spiritvein Gem Shard,1,Dragonbone Artifact,1,0,
Jyura Mail β+,0,9,4,0,0,M1,118,134,-1,2,-3,0,0,Latent Power,1,Water Attack,1,,,,,,,Jyuratodus Cortex,1,Jyuratodus Shard,2,Gajau Thickhide,2,,,156,Spiritvein Gem Shard,1,Dragonbone Artifact,1,0,
Beo Mail α+,0,9,3,0,0,M1,118,134,-3,0,-2,3,2,Stamina Surge,1,Ice Attack,2,,,,,,,Beotodus Cortex,2,Beotodus Shard,2,Beotodus Hardhorn,1,,,156,Spiritvein Gem Shard,1,Dragonbone Artifact,1,0,
Beo Mail β+,0,9,4,2,0,M1,118,134,-3,0,-2,3,2,Stamina Surge,1,,,,,,,,,Beotodus Cortex,2,Beotodus Shard,2,Beotodus Hardhorn,1,,,156,Spiritvein Gem Shard,1,Dragonbone Artifact,1,0,
Kadachi Mail α+,0,9,2,1,0,M1,120,136,0,-3,3,0,0,Jump Master,1,Constitution,1,,,,,,,Tobi-Kadachi Thickfur,2,Tobi-Kadachi Shard,2,Tobi-Kadachi Membrane+,1,,,158,Spiritvein Gem Shard,1,Dragonbone Artifact,1,0,
Kadachi Mail β+,0,9,4,2,0,M1,120,136,0,-3,3,0,0,Jump Master,1,,,,,,,,,Tobi-Kadachi Thickfur,2,Tobi-Kadachi Shard,2,Tobi-Kadachi Membrane+,1,,,158,Spiritvein Gem Shard,1,Dragonbone Artifact,1,0,
Viper Kadachi Mail α+,0,9,1,1,0,M3,132,148,1,3,-3,-2,1,Quick Sheath,1,Evade Extender,1,,,,,,,Viper Tobi-Kadachi Thickfur,2,Viper Tobi-Kadachi Shard,2,Viper Tobi-Kadachi Membrane+,1,,,170,Spiritvein Gem Shard,1,Dragonbone Artifact,1,0,
Viper Kadachi Mail β+,0,9,4,1,0,M3,132,148,1,3,-3,-2,1,Quick Sheath,1,,,,,,,,,Viper Tobi-Kadachi Thickfur,2,Viper Tobi-Kadachi Shard,2,Viper Tobi-Kadachi Membrane+,1,,,170,Spiritvein Gem Shard,1,Dragonbone Artifact,1,0,
High Metal Mail α+,0,9,2,0,0,M1,128,144,0,-1,-2,3,0,Earplugs,2,Ice Attack,1,,,,,,,Bathycite Ore,1,Meldspar Ore,2,Eltalite Ore,2,Tough Claw,1,166,Spiritvein Gem Shard,1,Dragonbone Artifact,1,0,
High Metal Mail β+,0,9,4,1,0,M1,128,144,0,-1,-2,3,0,Earplugs,1,Ice Attack,1,,,,,,,Bathycite Ore,1,Meldspar Ore,2,Eltalite Ore,2,Tough Claw,1,166,Spiritvein Gem Shard,1,Dragonbone Artifact,1,0,
Banbaro Mail α+,0,9,3,0,0,M3,130,146,-2,2,-1,3,-3,Speed Eating,1,Offensive Guard,1,,,,,,,Banbaro Chine,2,Banbaro Cortex,2,Banbaro Great Horn,1,Prized Pelt,2,168,Spiritvein Gem Shard,1,Dragonbone Artifact,1,0,
Banbaro Mail β+,0,9,4,1,0,M3,130,146,-2,2,-1,3,-3,Speed Eating,1,,,,,,,,,Banbaro Chine,2,Banbaro Cortex,2,Banbaro Great Horn,1,Prized Pelt,2,168,Spiritvein Gem Shard,1,Dragonbone Artifact,1,0,
Anja Mail α+,0,9,1,1,0,M4,132,148,3,-3,-1,-1,0,Marathon Runner,2,Special Ammo Boost,1,Anjanath Dominance,1,,,,,Anjanath Fur,2,Anjanath Hardfang,1,Heavy Anjanath Nosebone,2,Monster Toughbone,3,170,Spiritvein Gem Shard,1,Dragonbone Artifact,1,0,
Anja Mail β+,0,9,4,1,0,M4,132,148,3,-3,-1,-1,0,Marathon Runner,1,Special Ammo Boost,1,Anjanath Dominance,1,,,,,Anjanath Fur,2,Anjanath Hardfang,1,Heavy Anjanath Nosebone,2,Monster Toughbone,3,170,Spiritvein Gem Shard,1,Dragonbone Artifact,1,0,
Fulgur Mail α+,0,11,3,0,0,M13,146,154,-1,-1,2,-3,0,Flinch Free,1,Stun Resistance,2,Anjanath Dominance,1,,,,,Fulgur Anjanath Thickfur,3,Fulgur Anjanath Shard,2,Heavy Fulgur Anjanath Nosebone,1,Lightning Sac,2,170,Spiritvein Gem,1,Large Wyvern Gem,1,0,
Fulgur Mail β+,0,11,4,0,0,M13,146,154,-1,-1,2,-3,0,Flinch Free,1,Stun Resistance,1,Anjanath Dominance,1,,,,,Fulgur Anjanath Thickfur,3,Fulgur Anjanath Shard,2,Heavy Fulgur Anjanath Nosebone,1,Lightning Sac,2,170,Spiritvein Gem,1,Large Wyvern Gem,1,0,
Rathian Mail α+,0,9,2,2,0,M4,130,146,2,0,-2,0,-3,Botanist,2,Recovery Up,1,Rathian Essence,1,,,,,Rathian Cortex,2,Rathian Weave,1,Eltalite Ore,5,,,168,Spiritvein Gem Shard,1,Dragonbone Artifact,1,0,
Rathian Mail β+,0,9,4,2,0,M4,130,146,2,0,-2,0,-3,Botanist,1,Recovery Up,1,Rathian Essence,1,,,,,Rathian Cortex,2,Rathian Weave,1,Eltalite Ore,5,,,168,Spiritvein Gem Shard,1,Dragonbone Artifact,1,0,
Rath Heart Mail α+,0,9,2,0,0,M6,132,148,3,0,-3,0,-4,Tool Specialist,2,Handicraft,1,Rathian Essence,1,,,,,Pink Rathian Cortex,3,Pink Rathian Shard,1,Rathian Weave,1,Shamos Shard,3,170,Spiritvein Gem Shard,1,Dragonbone Artifact,1,0,
Rath Heart Mail β+,0,9,4,1,1,M6,132,148,3,0,-3,0,-4,Tool Specialist,2,Rathian Essence,1,,,,,,,Pink Rathian Cortex,3,Pink Rathian Shard,1,Rathian Weave,1,Shamos Shard,3,170,Spiritvein Gem Shard,1,Dragonbone Artifact,1,0,
Lumu Mail α+,0,9,3,1,0,M4,130,146,-3,2,0,1,0,Master Mounter,1,Artillery,1,,,,,,,Paolumu Thickfur,2,Paolumu Shard,2,Monster Toughbone,3,,,168,Spiritvein Gem Shard,1,Dragonbone Artifact,1,0,
Lumu Mail β+,0,9,4,1,0,M4,130,146,-3,2,0,1,0,Master Mounter,1,,,,,,,,,Paolumu Thickfur,2,Paolumu Shard,2,Monster Toughbone,3,,,168,Spiritvein Gem Shard,1,Dragonbone Artifact,1,0,
Lumu Phantasm Mail α+,0,9,2,0,0,M4,132,148,-3,-3,2,1,1,Wide-Range,2,Maximum Might,1,,,,,,,Nightshade Paolumu Thickfur,2,Nightshade Paolumu Shard,2,Torpor Sac,3,,,170,Spiritvein Gem Shard,1,Dragonbone Artifact,1,0,
Lumu Phantasm Mail β+,0,9,4,1,0,M4,132,148,-3,-3,2,1,1,Wide-Range,2,,,,,,,,,Nightshade Paolumu Thickfur,2,Nightshade Paolumu Shard,2,Torpor Sac,3,,,170,Spiritvein Gem Shard,1,Dragonbone Artifact,1,0,
Baan Mail α+,0,9,3,0,0,M4,134,150,0,2,0,-1,-2,Sleep Attack,1,Bleeding Resistance,1,,,,,,,Radobaan Cortex,2,Radobaan Oilshell+,1,Torpor Sac,2,,,172,Spiritvein Gem Shard,1,Dragonbone Artifact,1,0,
Baan Mail β+,0,9,4,0,0,M4,134,150,0,2,0,-1,-2,Sleep Attack,1,,,,,,,,,Radobaan Cortex,2,Radobaan Oilshell+,1,Torpor Sac,2,,,172,Spiritvein Gem Shard,1,Dragonbone Artifact,1,0,
Artian Mail α+,0,10,1,0,0,,142,152,1,-2,-2,2,3,Critical Eye,3,Peak Performance,1,Ancient Divinity,1,,,,,Ancient Fragment,2,Monster Slogbone,2,Meldspar Ore,3,Lightning Sac,4,174,Spiritvein Gem,1,Purecrystal,2,0,
Artian Mail β+,0,10,4,0,0,,142,152,1,-2,-2,2,3,Critical Eye,2,Peak Performance,1,Ancient Divinity,1,,,,,Ancient Fragment,2,Monster Slogbone,2,Meldspar Ore,3,Lightning Sac,4,174,Spiritvein Gem,1,Purecrystal,2,0,
Clockwork Mail α+,0,10,1,1,0,,142,152,2,2,2,-1,-1,Agitator,2,Special Ammo Boost,1,Commission Alchemy,1,,,,,Steam Ticket,2,Monster Slogbone,3,Spiritvein Crystal,4,Torpor Sac,3,174,Spiritvein Gem,1,Purecrystal,2,0,
Clockwork Mail β+,0,10,4,1,0,,142,152,2,2,2,-1,-1,Agitator,2,Commission Alchemy,1,,,,,,,Steam Ticket,2,Monster Slogbone,3,Spiritvein Crystal,4,Torpor Sac,3,174,Spiritvein Gem,1,Purecrystal,2,0,
Ingot Mail α+,0,10,3,0,0,M6,136,146,-2,0,3,-1,0,Thunder Resistance,2,Free Elem/Ammo Up,1,,,,,,,Meldspar Ore,2,Monster Slogbone,1,Spiritvein Crystal,5,,,168,Spiritvein Gem,1,Purecrystal,2,0,
Ingot Mail β+,0,10,4,0,0,M6,136,146,-2,0,3,-1,0,Thunder Resistance,1,Free Elem/Ammo Up,1,,,,,,,Meldspar Ore,2,Monster Slogbone,1,Spiritvein Crystal,5,,,168,Spiritvein Gem,1,Purecrystal,2,0,
Barioth Mail α+,0,10,3,0,0,M6,138,148,-3,2,-2,3,0,Power Prolonger,1,Constitution,1,Barioth Hidden Art,1,,,,,Barioth Thickfur,2,Barioth Cortex,2,Barioth Hardclaw,1,Frozen Bone,2,170,Spiritvein Gem,1,Purecrystal,2,0,
Barioth Mail β+,0,10,4,1,0,M6,138,148,-3,2,-2,3,0,Power Prolonger,1,Barioth Hidden Art,1,,,,,,,Barioth Thickfur,2,Barioth Cortex,2,Barioth Hardclaw,1,Frozen Bone,2,170,Spiritvein Gem,1,Purecrystal,2,0,
Rathalos Mail α+,0,10,1,1,0,M7,140,150,3,1,-2,1,-3,Weakness Exploit,2,Fire Attack,1,Rathalos Essence,1,,,,,Rathalos Cortex,2,Rathalos Fellwing,2,Rathalos Lash,1,Rathalos Mantle,1,172,Spiritvein Gem,1,Purecrystal,2,0,
Rathalos Mail β+,0,10,4,0,0,M7,140,150,3,1,-2,1,-3,Weakness Exploit,2,Rathalos Essence,1,,,,,,,Rathalos Cortex,2,Rathalos Fellwing,2,Rathalos Lash,1,Rathalos Mantle,1,172,Spiritvein Gem,1,Purecrystal,2,0,
Rath Soul Mail α+,0,11,2,0,0,M13,148,156,3,2,2,-3,-4,Free Elem/Ammo Up,1,Partbreaker,1,Rathalos Essence,1,,,,,Azure Rathalos Cortex,3,Azure Rathalos Shard,1,Azure Rathalos Lash,1,Meldspar Ore,4,172,Spiritvein Gem,1,Large Wyvern Gem,1,0,
Rath Soul Mail β+,0,11,4,1,0,M13,148,156,3,2,2,-3,-4,Free Elem/Ammo Up,1,Rathalos Essence,1,,,,,,,Azure Rathalos Cortex,3,Azure Rathalos Shard,1,Azure Rathalos Lash,1,Meldspar Ore,4,172,Spiritvein Gem,1,Large Wyvern Gem,1,0,
Diablos Mail α+,0,10,2,0,0,M7,140,150,3,-2,0,-3,2,Slugger,2,Heroics,2,Diablos Ambition,1,,,,,Diablos Chine,2,Diablos Cortex,2,Blos Medulla,2,Monster Slogbone,2,172,Spiritvein Gem,1,Purecrystal,2,0,
Diablos Mail β+,0,10,4,1,0,M7,140,150,3,-2,0,-3,2,Slugger,2,Heroics,1,Diablos Ambition,1,,,,,Diablos Chine,2,Diablos Cortex,2,Blos Medulla,2,Monster Slogbone,2,172,Spiritvein Gem,1,Purecrystal,2,0,
Diablos Nero Mail α+,0,11,2,0,0,M13,148,156,2,-3,0,-4,2,Resentment,2,Marathon Runner,1,Diablos Ambition,1,,,,,Black Diablos Chine,3,Black Diablos Cortex,1,Blackcurl Stouthorn,1,Monster Solidbone,4,172,Spiritvein Gem,1,Large Wyvern Gem,1,0,
Diablos Nero Mail β+,0,11,4,1,0,M13,148,156,2,-3,0,-4,2,Resentment,1,Marathon Runner,1,Diablos Ambition,1,,,,,Black Diablos Chine,3,Black Diablos Cortex,1,Blackcurl Stouthorn,1,Monster Solidbone,4,172,Spiritvein Gem,1,Large Wyvern Gem,1,0,
Legiana Mail α+,0,10,1,0,0,M7,140,150,-1,2,-3,3,0,Evade Window,2,Divine Blessing,2,Legiana Ambition,1,,,,,Legiana Thickhide,2,Legiana Fellwing,2,Legiana Hardclaw,1,Purecrystal,1,172,Spiritvein Gem,1,Purecrystal,2,0,
Legiana Mail β+,0,10,4,0,0,M7,140,150,-1,2,-3,3,0,Evade Window,2,Divine Blessing,1,Legiana Ambition,1,,,,,Legiana Thickhide,2,Legiana Fellwing,2,Legiana Hardclaw,1,Purecrystal,1,172,Spiritvein Gem,1,Purecrystal,2,0,
Hoarcry Mail α+,0,11,1,1,0,M12,146,154,-3,2,-1,3,0,Focus,2,Marathon Runner,1,Legiana Ambition,1,,,,,Rimed Hide,3,Legiana Shard,2,Stark Wing,2,Legiana Mantle,1,170,Spiritvein Gem,1,Purecrystal,2,0,
Hoarcry Mail β+,0,11,4,0,0,M12,146,154,-3,2,-1,3,0,Focus,2,Legiana Ambition,1,,,,,,,Rimed Hide,3,Legiana Shard,2,Stark Wing,2,Legiana Mantle,1,170,Spiritvein Gem,1,Purecrystal,2,0,
Odogaron Mail α+,0,10,3,0,0,M7,140,150,2,2,-2,-3,0,Speed Sharpening,2,Bleeding Resistance,1,Odogaron Essence,1,,,,,Hard Odogaron Sinew,2,Odogaron Shard,2,Odogaron Lash,1,Hornetaur Razorwing,2,172,Spiritvein Gem,1,Purecrystal,2,0,
Odogaron Mail β+,0,10,4,1,0,M7,140,150,2,2,-2,-3,0,Speed Sharpening,2,Odogaron Essence,1,,,,,,,Hard Odogaron Sinew,2,Odogaron Shard,2,Odogaron Lash,1,Hornetaur Razorwing,2,172,Spiritvein Gem,1,Purecrystal,2,0,
Death Garon Mail α+,0,11,2,0,0,M14,148,156,-2,-3,-2,-2,4,Critical Eye,3,Dragon Resistance,2,Odogaron Essence,1,,,,,Hard Ebony Odogaron Sinew,3,Ebony Odogaron Hardclaw,2,Ebony Odogaron Hardfang,2,Hornetaur Razorwing,4,172,Spiritvein Gem,1,Large Wyvern Gem,1,0,
Death Garon Mail β+,0,11,4,1,0,M14,148,156,-2,-3,-2,-2,4,Critical Eye,2,Dragon Resistance,1,Odogaron Essence,1,,,,,Hard Ebony Odogaron Sinew,3,Ebony Odogaron Hardclaw,2,Ebony Odogaron Hardfang,2,Hornetaur Razorwing,4,172,Spiritvein Gem,1,Large Wyvern Gem,1,0,
Lavasioth Mail α+,0,10,1,1,0,M7,140,150,3,-3,1,-2,2,Fire Attack,3,Heat Guard,1,,,,,,,Lavasioth Cortex,2,Lavasioth Shard,1,Conflagrant Sac,6,Monster Slogbone,4,172,Spiritvein Gem,1,Purecrystal,2,0,
Lavasioth Mail β+,0,10,4,1,0,M7,140,150,3,-3,1,-2,2,Fire Attack,2,Heat Guard,1,,,,,,,Lavasioth Cortex,2,Lavasioth Shard,1,Conflagrant Sac,6,Monster Slogbone,4,172,Spiritvein Gem,1,Purecrystal,2,0,
Uragaan Mail α+,0,10,3,0,0,M7,144,154,4,-3,1,-2,-2,Partbreaker,2,Blast Resistance,1,Uragaan Ambition,1,,,,,Uragaan Cortex,2,Uragaan Jaw+,1,Uragaan Scute+,1,Large Wyvern Gem,1,176,Spiritvein Gem,1,Purecrystal,2,0,
Uragaan Mail β+,0,10,4,0,0,M7,144,154,4,-3,1,-2,-2,Partbreaker,2,Uragaan Ambition,1,,,,,,,Uragaan Cortex,2,Uragaan Jaw+,1,Uragaan Scute+,1,Large Wyvern Gem,1,176,Spiritvein Gem,1,Purecrystal,2,0,
Nargacuga Mail α+,0,10,2,0,0,M7,140,150,-2,2,-3,0,0,Evade Window,2,Speed Crawler,1,Nargacuga Essence,1,,,,,Nargacuga Blackfur+,2,Nargacuga Shard,1,Nargacuga Lash,1,Gajau Thickhide,3,172,Spiritvein Gem,1,Purecrystal,2,0,
Nargacuga Mail β+,0,10,4,0,0,M7,140,150,-2,2,-3,0,0,Evade Window,2,Nargacuga Essence,1,,,,,,,Nargacuga Blackfur+,2,Nargacuga Shard,1,Nargacuga Lash,1,Gajau Thickhide,3,172,Spiritvein Gem,1,Purecrystal,2,0,
Glavenus Mail α+,0,10,1,0,0,M7,142,152,3,-3,1,-1,-1,Power Prolonger,2,Maximum Might,1,Glavenus Essence,1,,,,,Glavenus Cortex,2,Glavenus Hardfang,1,赤熱した溶炉嚢,2,Firecell Stone,2,174,Spiritvein Gem,1,Purecrystal,2,0,
Glavenus Mail β+,0,10,4,0,0,M7,142,152,3,-3,1,-1,-1,Power Prolonger,1,Maximum Might,1,Glavenus Essence,1,,,,,Glavenus Cortex,2,Glavenus Hardfang,1,赤熱した溶炉嚢,2,Firecell Stone,2,174,Spiritvein Gem,1,Purecrystal,2,0,
Acidic Glavenus Mail α+,0,11,1,0,0,M14,150,158,-3,2,-1,2,-1,Handicraft,2,Stamina Surge,1,Glavenus Essence,1,,,,,Acidic Glavenus Cortex,3,Acidic Glavenus Hardfang,3,Acidic Glavenus Spineshell,2,Glavenus Mantle,1,174,Spiritvein Gem,1,Large Wyvern Gem,1,0,
Acidic Glavenus Mail β+,0,11,4,1,0,M14,150,158,-3,2,-1,2,-1,Handicraft,1,Stamina Surge,1,Glavenus Essence,1,,,,,Acidic Glavenus Cortex,3,Acidic Glavenus Hardfang,3,Acidic Glavenus Spineshell,2,Glavenus Mantle,1,174,Spiritvein Gem,1,Large Wyvern Gem,1,0,
Brachydios Mail α+,0,10,1,0,0,M9,142,152,3,-2,1,-3,1,Stamina Thief,2,Agitator,1,Brachydios Essence,1,,,,,Fine Brachydios Ebonshell,2,Brachydios Pounder+,1,Brachydios Crown,2,Monster Slogbone,5,174,Spiritvein Gem,1,Purecrystal,2,0,
Brachydios Mail β+,0,10,4,0,0,M9,142,152,3,-2,1,-3,1,Stamina Thief,1,Agitator,1,Brachydios Essence,1,,,,,Fine Brachydios Ebonshell,2,Brachydios Pounder+,1,Brachydios Crown,2,Monster Slogbone,5,174,Spiritvein Gem,1,Purecrystal,2,0,
Tigrex Mail α+,0,10,2,0,0,M9,142,152,2,0,-3,0,-2,Earplugs,2,Free Meal,1,Tigrex Essence,1,,,,,Tigrex Cortex,2,Tigrex Hardclaw,2,Tigrex Lash,1,Vespoid Razorwing,3,174,Spiritvein Gem,1,Purecrystal,2,0,
Tigrex Mail β+,0,10,4,1,0,M9,142,152,2,0,-3,0,-2,Earplugs,2,Tigrex Essence,1,,,,,,,Tigrex Cortex,2,Tigrex Hardclaw,2,Tigrex Lash,1,Vespoid Razorwing,3,174,Spiritvein Gem,1,Purecrystal,2,0,
Rex Roar Mail α+,0,11,3,0,0,M70,156,164,3,-4,-2,0,0,Attack Boost,3,Weakness Exploit,1,Tigrex Essence,1,,,,,Brute Tigrex Cortex,3,Brute Tigrex Shard,2,Brute Tigrex Hardfang,3,Afflicted Frenzybone,3,180,Spiritvein Gem,1,Large Wyvern Gem,1,0,
Rex Roar Mail β+,0,11,4,1,0,M70,156,164,3,-4,-2,0,0,Attack Boost,2,Weakness Exploit,1,Tigrex Essence,1,,,,,Brute Tigrex Cortex,3,Brute Tigrex Shard,2,Brute Tigrex Hardfang,3,Afflicted Frenzybone,3,180,Spiritvein Gem,1,Large Wyvern Gem,1,0,
Black Belt Mail α+,0,11,1,1,1,,150,158,1,1,1,1,2,Mushroomancer,2,Wide-Range,1,Instructor's Guidance,1,,,,,Black Belt Coin,2,Nargacuga Coin,3,Vespoid Razorwing,3,,,174,Spiritvein Gem,1,Large Wyvern Gem,1,0,
Black Belt Mail β+,0,11,4,1,1,,150,158,1,1,1,1,2,Mushroomancer,2,Instructor's Guidance,1,,,,,,,Black Belt Coin,2,Nargacuga Coin,3,Vespoid Razorwing,3,,,174,Spiritvein Gem,1,Large Wyvern Gem,1,0,
Dober Mail α+,0,11,1,1,1,M17,152,160,-2,0,-1,-1,4,Attack Boost,2,Effluvia Resistance,1,,,,,,,Large Elder Dragon Bone,2,Thick Bone,3,Jyuratodus Grandfin,1,Monster Solidbone,3,176,Spiritvein Gem,1,Large Wyvern Gem,1,0,
Dober Mail β+,0,11,4,1,1,M17,152,160,-2,0,-1,-1,4,Attack Boost,1,Effluvia Resistance,1,,,,,,,Large Elder Dragon Bone,2,Thick Bone,3,Jyuratodus Grandfin,1,Monster Solidbone,3,176,Spiritvein Gem,1,Large Wyvern Gem,1,0,
Damascus Mail α+,0,11,3,1,0,M17,152,160,4,-2,0,0,0,Focus,2,Defense Boost,2,,,,,,,Pure Dragon Blood,2,Meldspar Ore,3,Legiana Fellwing,1,Purecrystal,1,176,Spiritvein Gem,1,Large Wyvern Gem,1,0,
Damascus Mail β+,0,11,4,2,1,M17,152,160,4,-2,0,0,0,Focus,2,,,,,,,,,Pure Dragon Blood,2,Meldspar Ore,3,Legiana Fellwing,1,Purecrystal,1,176,Spiritvein Gem,1,Large Wyvern Gem,1,0,
Pride Mail α+,0,11,1,1,0,M18,154,162,3,1,-2,-4,-2,Guard,2,Blast Resistance,2,Bazelgeuse Ambition,1,,,,,Flickering Silvershell,3,Bazelgeuse Shard,3,Distilled Blast Fluid,3,Monster Solidbone,5,178,Spiritvein Gem,1,Large Wyvern Gem,1,0,
Pride Mail β+,0,11,4,1,1,M18,154,162,3,1,-2,-4,-2,Guard,2,Bazelgeuse Ambition,1,,,,,,,Flickering Silvershell,3,Bazelgeuse Shard,3,Distilled Blast Fluid,3,Monster Solidbone,5,178,Spiritvein Gem,1,Large Wyvern Gem,1,0,
Esurient Mail α+,0,11,2,0,0,M21,156,164,2,1,-3,1,-3,Speed Eating,1,Handicraft,2,Deviljho Essence,1,,,,,Deviljho Blackpiel,3,Vile Fang,4,Deviljho Flail,1,Deviljho Crook,1,180,Spiritvein Gem,1,Large Wyvern Gem,1,0,
Esurient Mail β+,0,11,4,2,2,M21,156,164,2,1,-3,1,-3,Speed Eating,1,Deviljho Essence,1,,,,,,,Deviljho Blackpiel,3,Vile Fang,4,Deviljho Flail,1,Deviljho Crook,1,180,Spiritvein Gem,1,Large Wyvern Gem,1,0,
Rimeguard Mail α+,0,12,1,0,0,M17,154,160,-3,2,-1,4,-1,Quick Sheath,2,Critical Draw,1,Velkhana Divinity,1,,,,,Velkhana Cortex,3,Velkhana Fellwing,3,Velkhana Hardclaw,2,Legiana Mantle,1,172,Great Spiritvein Gem,1,Pure Dragon Blood,2,0,
Rimeguard Mail β+,0,12,4,1,0,M17,154,160,-3,2,-1,4,-1,Quick Sheath,2,Velkhana Divinity,1,,,,,,,Velkhana Cortex,3,Velkhana Fellwing,3,Velkhana Hardclaw,2,Legiana Mantle,1,172,Great Spiritvein Gem,1,Pure Dragon Blood,2,0,
Fellshroud Mail α+,0,12,3,1,0,M19,156,162,-2,4,1,1,-3,Recovery Speed,2,Dragon Attack,2,Vaal Soulvein,1,,,,,Vaal Hazak Cortex,3,Deceased Shard,2,Deathweaver Membrane,3,Pure Dragon Blood,2,174,Great Spiritvein Gem,1,Pure Dragon Blood,2,0,
Fellshroud Mail β+,0,12,4,2,0,M19,156,162,-2,4,1,1,-3,Recovery Speed,2,Dragon Attack,1,Vaal Soulvein,1,,,,,Vaal Hazak Cortex,3,Deceased Shard,2,Deathweaver Membrane,3,Pure Dragon Blood,2,174,Great Spiritvein Gem,1,Pure Dragon Blood,2,0,
Kaiser Mail α+,0,12,2,1,0,M19,156,162,3,-3,1,-3,1,Latent Power,1,Special Ammo Boost,2,Teostra Technique,1,,,,,Teostra Cortex,3,Teostra Mane+,4,Teostra Lash,2,Large Elder Dragon Bone,5,174,Great Spiritvein Gem,1,Pure Dragon Blood,2,0,
Kaiser Mail β+,0,12,4,1,1,M19,156,162,3,-3,1,-3,1,Latent Power,1,Teostra Technique,1,,,,,,,Teostra Cortex,3,Teostra Mane+,4,Teostra Lash,2,Large Elder Dragon Bone,5,174,Great Spiritvein Gem,1,Pure Dragon Blood,2,0,
Kushala Cista α+,0,12,1,0,0,M19,156,162,0,2,-3,4,-2,Handicraft,3,Kushala Daora Flight,1,,,,,,,Daora Cortex,4,Daora Fellwing,3,Daora Lash,2,Pure Dragon Blood,6,174,Great Spiritvein Gem,1,Pure Dragon Blood,2,0,
Kushala Cista β+,0,12,4,2,0,M19,156,162,0,2,-3,4,-2,Handicraft,2,Kushala Daora Flight,1,,,,,,,Daora Cortex,4,Daora Fellwing,3,Daora Lash,2,Pure Dragon Blood,6,174,Great Spiritvein Gem,1,Pure Dragon Blood,2,0,
Kirin Jacket α+,0,12,3,2,0,M19,154,160,-3,-2,4,-2,2,Critical Eye,3,Divine Blessing,1,Kirin Divinity,1,,,,,Kirin Silvermane,3,Kirin Finehide,1,Kirin Thundertail+,3,Brachydios Pallium,1,172,Great Spiritvein Gem,1,Pure Dragon Blood,2,0,
Kirin Jacket β+,0,12,4,2,0,M19,154,160,-3,-2,4,-2,2,Critical Eye,2,Divine Blessing,1,Kirin Divinity,1,,,,,Kirin Silvermane,3,Kirin Finehide,1,Kirin Thundertail+,3,Brachydios Pallium,1,172,Great Spiritvein Gem,1,Pure Dragon Blood,2,0,
Tentacle Cloak α+,0,12,2,2,0,M20,158,164,-3,4,3,0,-2,Blight Resistance,2,Tool Specialist,1,Namielle Divinity,1,,,,,Namielle Finehide,2,Namielle Hardclaw,2,Namielle Whisker,1,Rimed Hide,3,176,Great Spiritvein Gem,1,Pure Dragon Blood,2,0,
Tentacle Cloak β+,0,12,4,2,0,M20,158,164,-3,4,3,0,-2,Blight Resistance,1,Tool Specialist,1,Namielle Divinity,1,,,,,Namielle Finehide,2,Namielle Hardclaw,2,Namielle Whisker,1,Rimed Hide,3,176,Great Spiritvein Gem,1,Pure Dragon Blood,2,0,
Guild Palace Mail α+,0,11,1,1,0,M70,154,162,1,2,2,1,1,Agitator,2,Heroics,1,Guild Pride,1,,,,,Hero King Coin,1,Zinogre Coin,3,Black Belt Coin,2,Teostra Mane+,3,174,Spiritvein Gem,1,Large Wyvern Gem,1,0,
Guild Palace Mail β+,0,11,4,2,0,M70,154,162,1,2,2,1,1,Agitator,1,Heroics,1,Guild Pride,1,,,,,Hero King Coin,1,Zinogre Coin,3,Black Belt Coin,2,Teostra Mane+,3,174,Spiritvein Gem,1,Large Wyvern Gem,1,0,
Shara Ishvalda Mail α+,0,12,3,2,0,M23,162,168,0,-2,3,-3,0,Coalescence,2,Health Boost,1,Shara Ishvalda Divinity,1,,,,,Shara Ishvalda Boulderplate,4,Shara Ishvalda Tenderscale,3,Shara Ishvalda Tenderclaw,3,Ebony Odogaron Mantle,1,180,Great Spiritvein Gem,1,Pure Dragon Blood,2,0,
Shara Ishvalda Mail β+,0,12,4,2,0,M23,162,168,0,-2,3,-3,0,Coalescence,2,Shara Ishvalda Divinity,1,,,,,,,Shara Ishvalda Boulderplate,4,Shara Ishvalda Tenderscale,3,Shara Ishvalda Tenderclaw,3,Ebony Odogaron Mantle,1,180,Great Spiritvein Gem,1,Pure Dragon Blood,2,0,
Zorah Hide α+,0,12,3,1,0,M24,160,166,4,-3,-1,-2,-3,Tremor Resistance,2,Artillery,2,Zorah Magdaros Essence,1,,,,,Heavy Dragonvein Bone,2,Pale Crystal,3,Vivid Crimsonbone,3,Conqueror's Seal,1,178,Great Spiritvein Gem,1,Pure Dragon Blood,2,0,
Zorah Hide β+,0,12,4,2,0,M24,160,166,4,-3,-1,-2,-3,Tremor Resistance,2,Zorah Magdaros Essence,1,,,,,,,Heavy Dragonvein Bone,2,Pale Crystal,3,Vivid Crimsonbone,3,Conqueror's Seal,1,178,Great Spiritvein Gem,1,Pure Dragon Blood,2,0,
Garuga Mail α+,0,11,1,0,0,M24,154,162,2,-3,2,-2,-2,Earplugs,2,Critical Eye,2,,,,,,,Garuga Cortex,2,黒狼鳥の厚毛皮,2,Garuga Fellwing,3,Mossy Greatbone,3,178,Spiritvein Gem,1,Large Wyvern Gem,1,0,
Garuga Mail β+,0,11,4,0,0,M24,154,162,2,-3,2,-2,-2,Earplugs,1,Critical Eye,2,,,,,,,Garuga Cortex,2,黒狼鳥の厚毛皮,2,Garuga Fellwing,3,Mossy Greatbone,3,178,Spiritvein Gem,1,Large Wyvern Gem,1,0,
Zinogre Mail α+,0,11,3,0,0,M24,158,166,-1,-1,4,-4,1,Latent Power,3,Normal Shots,1,Zinogre Essence,1,,,,,Zinogre Electrofur+,3,Zinogre Cortex,2,Zinogre Hardclaw,2,Woodland Greatbone,3,182,Spiritvein Gem,1,Large Wyvern Gem,1,0,
Zinogre Mail β+,0,11,4,0,0,M24,158,166,-1,-1,4,-4,1,Latent Power,3,Zinogre Essence,1,,,,,,,Zinogre Electrofur+,3,Zinogre Cortex,2,Zinogre Hardclaw,2,Woodland Greatbone,3,182,Spiritvein Gem,1,Large Wyvern Gem,1,0,
Guildwork Body α+,0,12,3,1,1,M24,162,168,2,1,1,2,2,Cliffhanger,1,Flinch Free,1,Guild Pride,1,,,,,調査団チケットG,1,Wasteland Crystal,2,Wasteland Cragbone,2,Boaboa Ticket,1,180,Great Spiritvein Gem,1,Pure Dragon Blood,2,0,
Guildwork Body β+,0,12,4,2,2,M24,162,168,2,1,1,2,2,Cliffhanger,1,Guild Pride,1,,,,,,,調査団チケットG,1,Wasteland Crystal,2,Wasteland Cragbone,2,Boaboa Ticket,1,180,Great Spiritvein Gem,1,Pure Dragon Blood,2,0,
Golden Lunemail α+,0,12,3,1,0,M70,162,168,3,-2,-4,0,4,Divine Blessing,2,Resentment,1,Gold Rathian Essence,1,,,,,Gold Rathian Cortex,4,Gold Rathian Shard,2,Gold Rathian Surspike,1,Dragonvein Solidbone,8,180,Great Spiritvein Gem,1,Pure Dragon Blood,2,0,
Golden Lunemail β+,0,12,4,2,1,M70,162,168,3,-2,-4,0,4,Divine Blessing,2,Gold Rathian Essence,1,,,,,,,Gold Rathian Cortex,4,Gold Rathian Shard,2,Gold Rathian Surspike,1,Dragonvein Solidbone,8,180,Great Spiritvein Gem,1,Pure Dragon Blood,2,0,
Silver Solmail α+,0,12,1,0,0,M70,162,168,4,-3,-2,-2,3,Critical Boost,2,Fire Attack,2,Silver Rathalos Essence,1,,,,,Silver Rathalos Cortex,4,Silver Rathalos Fellwing,4,Rath Gleam,3,導きの龍骨【珊瑚礁】,3,180,Great Spiritvein Gem,1,Pure Dragon Blood,2,0,
Silver Solmail β+,0,12,4,0,0,M70,162,168,4,-3,-2,-2,3,Critical Boost,2,Silver Rathalos Essence,1,,,,,,,Silver Rathalos Cortex,4,Silver Rathalos Fellwing,4,Rath Gleam,3,導きの龍骨【珊瑚礁】,3,180,Great Spiritvein Gem,1,Pure Dragon Blood,2,0,
Empress Mail α+,0,12,2,0,0,M50,164,170,3,1,1,-3,-2,Peak Performance,2,Wide-Range,2,Lunastra Essence,1,,,,,Lunastra Cortex,3,Lunastra Fellwing,3,Lunastra Mane+,2,Serene Crystal,3,182,Great Spiritvein Gem,1,Pure Dragon Blood,2,0,
Empress Mail β+,0,12,4,1,0,M50,164,170,3,1,1,-3,-2,Peak Performance,1,Wide-Range,2,Lunastra Essence,1,,,,,Lunastra Cortex,3,Lunastra Fellwing,3,Lunastra Mane+,2,Serene Crystal,3,182,Great Spiritvein Gem,1,Pure Dragon Blood,2,0,
Ruinous Mail α+,0,12,2,2,0,M100,166,172,1,1,-3,1,-3,Stamina Surge,2,Maximum Might,1,Nergigante Ambition,1,,,,,Nergigante Cortex,3,Nergigante Hardclaw,3,Eternal Regrowth Plate,2,Nargacuga Mantle,1,184,Great Spiritvein Gem,1,Pure Dragon Blood,2,0,
Ruinous Mail β+,0,12,4,2,0,M100,166,172,1,1,-3,1,-3,Stamina Surge,2,Nergigante Ambition,1,,,,,,,Nergigante Cortex,3,Nergigante Hardclaw,3,Eternal Regrowth Plate,2,Nargacuga Mantle,1,184,Great Spiritvein Gem,1,Pure Dragon Blood,2,0,
EX金色ノ羽織α,0,11,3,1,0,M24,158,166,2,0,3,-5,2,Resentment,2,Speed Sharpening,2,金獅子の怒気,1,,,,,金獅子の黒荒毛,4,金獅子の剛爪,2,金獅子の重牙,3,Purecrystal,1,182,Spiritvein Gem,1,Large Wyvern Gem,1,0,
EX金色ノ羽織β,0,11,4,1,1,M24,158,166,2,0,3,-5,2,Resentment,2,金獅子の怒気,1,,,,,,,金獅子の黒荒毛,4,金獅子の剛爪,2,金獅子の重牙,3,Purecrystal,1,182,Spiritvein Gem,1,Large Wyvern Gem,1,0,
EXゴクオウメイルα,0,11,2,0,0,M24,160,168,2,-4,-5,0,4,Windproof,3,Flinch Free,2,Zinogre Essence,1,,,,,獄狼竜の滅龍毛,3,獄狼竜の重殻,2,獄狼竜の靭尾,1,凍結された氷骨,3,184,Spiritvein Gem,1,Large Wyvern Gem,1,0,
EXゴクオウメイルβ,0,11,4,0,0,M24,160,168,2,-4,-5,0,4,Windproof,3,Flinch Free,1,Zinogre Essence,1,,,,,獄狼竜の滅龍毛,3,獄狼竜の重殻,2,獄狼竜の靭尾,1,凍結された氷骨,3,184,Spiritvein Gem,1,Large Wyvern Gem,1,0,
EX龍紋ヲ刻マレシ封鎧α,0,12,3,2,0,M24,168,174,2,1,1,1,-1,Blight Resistance,2,Critical Boost,1,赤龍の封印,1,,,,,赤龍の重殻,6,赤龍の剛爪,4,裂光の龍脈殻,5,Deviljho Crook,1,186,Great Spiritvein Gem,1,Pure Dragon Blood,2,0,
EX龍紋ヲ刻マレシ封鎧β,0,12,4,2,0,M24,168,174,2,1,1,1,-1,Blight Resistance,1,Critical Boost,1,赤龍の封印,1,,,,,赤龍の重殻,6,赤龍の剛爪,4,裂光の龍脈殻,5,Deviljho Crook,1,186,Great Spiritvein Gem,1,Pure Dragon Blood,2,0,
Oolong Vest α+,0,9,4,0,0,M1,120,136,1,1,1,4,1,Stamina Surge,2,Joyful Blessing,1,,,,,,,Joyful Ticket,1,Eltalite Ore,2,,,,,158,Spiritvein Gem Shard,1,Dragonbone Artifact,1,0,
EXバヌークメイルα,0,12,4,3,0,M24,160,166,2,0,2,2,2,Marathon Runner,1,Stamina Surge,1,Anjanath Dominance,1,,,,,デーモンチケット,1,Deviljho Blackpiel,2,Deviljho Shard,1,Meldspar Ore,3,178,Great Spiritvein Gem,1,Pure Dragon Blood,2,0,
Buff Chest α+,0,11,1,1,1,M24,154,162,2,-1,0,-1,-3,Agitator,3,Fortify,1,,,,,,,Buff Ticket,1,金獅子の黒荒毛,3,黄金の煌毛,1,,,178,Spiritvein Gem,1,Large Wyvern Gem,1,0,
EXレオンボディα,0,12,1,1,0,M20,150,156,3,2,2,3,0,Agitator,2,Weakness Exploit,1,サバイバー,1,,,,,※ワンセット,0,,,,,,,168,Great Spiritvein Gem,1,Pure Dragon Blood,2,1,
EXクレアボディα,0,12,1,1,0,M20,150,156,3,2,2,3,0,Agitator,2,Evade Window,2,サバイバー,1,,,,,※ワンセット,0,,,,,,,168,Great Spiritvein Gem,1,Pure Dragon Blood,2,1,
EXシールドウィーバー・胴,0,12,4,2,1,M24,132,138,-1,-1,3,-1,2,Thunder Attack,3,動力源,1,,,,,,,※ワンセット,0,,,,,,,150,Great Spiritvein Gem,1,Pure Dragon Blood,2,1,
,,,,,,,,,,,,,,,,,,,,,,,,,,,,,,,,,,,,,,
EXアストラクロースα,0,9,1,0,0,,140,156,2,2,2,2,2,Critical Boost,2,Appreciation Blessing,1,,,,,,,Gratitude Ticket,1,Purecrystal,1,Monster Toughbone,1,,,178,Spiritvein Gem Shard,1,Dragonbone Artifact,1,0,
